<?xml version="1.0" ?><!DOCTYPE collection SYSTEM "bookcollection.dtd"><collection><!-- ================================================== --><!-- SYSTEM:  Archiving and Interchange DTD Suite       --><!-- October 2004 An collection with minimal            --><!-- Front Matter, a Table, and Citations for testing   --><!-- ================================================== --><!-- =============== Front Matter (Metadata) =========== --><collection-meta><collection-id>MYSTER</collection-id><collection-name>Mysterious Collection of Tomes</collection-name><pub-date><year>2004</year></pub-date><collection-list>  <collection-member><title>It was a Dark and Stormy Night</title><ext-link ext-link-type="url" xlink:href="http://www.xyz">XYZ Corp</ext-link></collection-member>  <collection-member><title>Librarians and Other Misunderstood Beings</title><ext-link ext-link-type="url" xlink:href="http://www.golib">Library</ext-link></collection-member>  <collection-member><title>Funky Chicken Blues</title><ext-link ext-link-type="url" xlink:href="http://www.blow">Chix</ext-link></collection-member>  </collection-list>  </collection-meta><!-- =============== Body Matter (Intro) =========== --><body><p>This following is an XHTML table, inside aTable Wrapper %lt;table-wrap&gt; wrapper, or prehapsa lettuce leaf, inside an enigma.</p><p>Multiple paragraphs are almost always a good ideato test <list list-type="bullet"><list-item><p>robustness, and</p></list-item> <list-item><p>fortitude.</p></list-item></list></p><p>The last paragraph had a bulleted list embedded within it,imagine that! How clever of it.</p><!-- =============== An HTML Table =========== --><table-wrap id="table-wrap-XHTML" position="anchor"><label>Table 1</label><caption><title>A Titled XHTML Table</title><p>Additional caption &rsquo;material, which may spread to one ormore paragraphs</p></caption><table><tbody><tr><td>A cell!</td><td>Another</td><td>Still a third&gt;</td></tr><tr><td>2 A cell!</td><td>An xref: <xref ref-type="statement" rid="statement16">See the statement</xref></td><td>2 Still a third&gt;</td></tr></tbody></table></table-wrap><!-- =============== A Section ======= --><sec sec-type="methods"><title>There be statements here.</title><statement id="statement11"><p>The IDREFs need to point to something</p></statement><statement id="statement15"><p>No Matter How Wise You Get, Wet Birds Don't Fly at Night</p></statement><statement id="statement16"><p>Post Hoc Propter Ergo Hoc</p><p>EM4 cells, stably transfected with Flag-HA-DAT, Myc-His-DAT,or both, were reacted with cross-linker and solubilized in Triton X-100as above. There is no reason to have this formula,<inline-formula><mml:math><mml:semantics><mml:mrow><mml:msub><mml:mi>Q</mml:mi><mml:mrow><mml:mn>10</mml:mn></mml:mrow></mml:msub><mml:mo>=</mml:mo><mml:msup><mml:mrow><mml:mrow><mml:mo>(</mml:mo><mml:mrow><mml:mfrac><mml:mrow><mml:msub><mml:mi>M</mml:mi><mml:mn>2</mml:mn></mml:msub></mml:mrow><mml:mrow><mml:msub><mml:mi>M</mml:mi><mml:mn>1</mml:mn></mml:msub></mml:mrow></mml:mfrac></mml:mrow><mml:mo>)</mml:mo></mml:mrow></mml:mrow><mml:mrow><mml:mn>10</mml:mn><mml:mo>/</mml:mo><mml:msub><mml:mi>T</mml:mi><mml:mn>1</mml:mn></mml:msub><mml:mo>-</mml:mo><mml:msub><mml:mi>T</mml:mi><mml:mn>2</mml:mn></mml:msub></mml:mrow></mml:msup></mml:mrow></mml:semantics></mml:math></inline-formula> here. Five microliters ofanti-Myc 9E10 (Santa Cruz Biotechnology) was added to 0.2 ml of TritonX-100 extracts, and the mixture was incubated for 1 h at 4&#x00B0;C.Twenty microliters of rec-protein G Sepharose (Zymed) was added, and themixture was incubated for 1 h at 4&#x00B0;C, washed three times in 0.5ml of lysis buffer, and eluted in 45 &#x03BC;l of 2&#x00D7; Laemmlisample buffer without reducing agent.</p></statement></sec></body><!-- =============== Back Matter (Ancillary) ======= --><back><ack><p>We thank you all.</p></ack><!-- =============== Bibliogrpahic References ======= --><ref-list><title>Bibliography</title><p>Just a reference or two for testing:</p><ref><!-- ========== --><citation>A citation ain't nothing but a sandwich &mdash; personal communication </citation></ref><!-- ========== --><ref><citation><name><surname>Piggy</surname> <prefix>Ms.</prefix></name><article-title>Can't Help Lovin&rsquo; That Frog of Mine</article-title>;<source>Swine Review</source>, <issue>145</issue>:<fpage>12</fpage>&ndash;<lpage>24</lpage>; <year>2003</year>. <trans-title xml:lang="x-PigLatin">Ant-cay Elp-hay Ovin&rsquo;-lay At-thay Og-fray of-ay Ine-may</trans-title></citation></ref></ref-list></back></collection>