1007000001	-27	ENVO:00000000
1007000002	-27	ENVO:00000001
1007000003	-27	ENVO:00000002
1007000004	-27	ENVO:00000003
1007000005	-27	ENVO:00000004
1007000006	-27	ENVO:00000005
1007000007	-27	ENVO:00000006
1007000008	-27	ENVO:00000007
1007000009	-27	ENVO:00000008
1007000010	-27	ENVO:00000009
1007000011	-27	ENVO:00000010
1007000012	-27	ENVO:00000011
1007000013	-27	ENVO:00000012
1007000014	-27	ENVO:00000013
1007000015	-27	ENVO:00000014
1007000016	-27	ENVO:00000015
1007000017	-27	ENVO:00000016
1007000018	-27	ENVO:00000017
1007000019	-27	ENVO:00000018
1007000020	-27	ENVO:00000019
1007000021	-27	ENVO:00000020
1007000022	-27	ENVO:00000021
1007000023	-27	ENVO:00000022
1007000024	-27	ENVO:00000023
1007000025	-27	ENVO:00000024
1007000026	-27	ENVO:00000025
1007000027	-27	ENVO:00000026
1007000028	-27	ENVO:00000027
1007000029	-27	ENVO:00000028
1007000030	-27	ENVO:00000029
1007000031	-27	ENVO:00000030
1007000032	-27	ENVO:00000031
1007000033	-27	ENVO:00000032
1007000034	-27	ENVO:00000033
1007000035	-27	ENVO:00000034
1007000036	-27	ENVO:00000035
1007000037	-27	ENVO:00000036
1007000038	-27	ENVO:00000037
1007000039	-27	ENVO:00000038
1007000040	-27	ENVO:00000039
1007000041	-27	ENVO:00000040
1007000042	-27	ENVO:00000041
1007000043	-27	ENVO:00000042
1007000044	-27	ENVO:00000043
1007000045	-27	ENVO:00000044
1007000046	-27	ENVO:00000045
1007000047	-27	ENVO:00000046
1007000048	-27	ENVO:00000047
1007000049	-27	ENVO:00000048
1007000050	-27	ENVO:00000049
1007000051	-27	ENVO:00000050
1007000052	-27	ENVO:00000051
1007000053	-27	ENVO:00000052
1007000054	-27	ENVO:00000053
1007000055	-27	ENVO:00000054
1007000056	-27	ENVO:00000055
1007000057	-27	ENVO:00000056
1007000058	-27	ENVO:00000057
1007000059	-27	ENVO:00000058
1007000060	-27	ENVO:00000059
1007000061	-27	ENVO:00000060
1007000062	-27	ENVO:00000061
1007000063	-27	ENVO:00000062
1007000064	-27	ENVO:00000063
1007000065	-27	ENVO:00000064
1007000066	-27	ENVO:00000065
1007000067	-27	ENVO:00000066
1007000068	-27	ENVO:00000067
1007000069	-27	ENVO:00000068
1007000070	-27	ENVO:00000069
1007000071	-27	ENVO:00000070
1007000072	-27	ENVO:00000071
1007000073	-27	ENVO:00000072
1007000074	-27	ENVO:00000073
1007000075	-27	ENVO:00000074
1007000076	-27	ENVO:00000075
1007000077	-27	ENVO:00000076
1007000078	-27	ENVO:00000077
1007000079	-27	ENVO:00000078
1007000080	-27	ENVO:00000079
1007000081	-27	ENVO:00000080
1007000082	-27	ENVO:00000081
1007000083	-27	ENVO:00000082
1007000084	-27	ENVO:00000083
1007000085	-27	ENVO:00000084
1007000086	-27	ENVO:00000085
1007000087	-27	ENVO:00000086
1007000088	-27	ENVO:00000087
1007000089	-27	ENVO:00000088
1007000090	-27	ENVO:00000089
1007000091	-27	ENVO:00000090
1007000092	-27	ENVO:00000091
1007000093	-27	ENVO:00000092
1007000094	-27	ENVO:00000093
1007000095	-27	ENVO:00000094
1007000096	-27	ENVO:00000095
1007000097	-27	ENVO:00000096
1007000098	-27	ENVO:00000097
1007000099	-27	ENVO:00000098
1007000100	-27	ENVO:00000099
1007000101	-27	ENVO:00000100
1007000102	-27	ENVO:00000101
1007000103	-27	ENVO:00000102
1007000104	-27	ENVO:00000103
1007000105	-27	ENVO:00000104
1007000106	-27	ENVO:00000105
1007000107	-27	ENVO:00000106
1007000108	-27	ENVO:00000107
1007000109	-27	ENVO:00000108
1007000110	-27	ENVO:00000109
1007000111	-27	ENVO:00000110
1007000112	-27	ENVO:00000111
1007000113	-27	ENVO:00000112
1007000114	-27	ENVO:00000113
1007000115	-27	ENVO:00000114
1007000116	-27	ENVO:00000115
1007000117	-27	ENVO:00000116
1007000118	-27	ENVO:00000117
1007000119	-27	ENVO:00000118
1007000120	-27	ENVO:00000119
1007000121	-27	ENVO:00000120
1007000122	-27	ENVO:00000121
1007000123	-27	ENVO:00000122
1007000124	-27	ENVO:00000123
1007000125	-27	ENVO:00000124
1007000126	-27	ENVO:00000125
1007000127	-27	ENVO:00000126
1007000128	-27	ENVO:00000127
1007000129	-27	ENVO:00000128
1007000130	-27	ENVO:00000129
1007000131	-27	ENVO:00000130
1007000132	-27	ENVO:00000131
1007000133	-27	ENVO:00000132
1007000134	-27	ENVO:00000133
1007000135	-27	ENVO:00000134
1007000136	-27	ENVO:00000135
1007000137	-27	ENVO:00000136
1007000138	-27	ENVO:00000137
1007000139	-27	ENVO:00000138
1007000140	-27	ENVO:00000139
1007000141	-27	ENVO:00000140
1007000142	-27	ENVO:00000141
1007000143	-27	ENVO:00000142
1007000144	-27	ENVO:00000143
1007000145	-27	ENVO:00000144
1007000146	-27	ENVO:00000145
1007000147	-27	ENVO:00000146
1007000148	-27	ENVO:00000147
1007000149	-27	ENVO:00000148
1007000150	-27	ENVO:00000149
1007000151	-27	ENVO:00000150
1007000152	-27	ENVO:00000151
1007000153	-27	ENVO:00000152
1007000154	-27	ENVO:00000153
1007000155	-27	ENVO:00000154
1007000156	-27	ENVO:00000155
1007000157	-27	ENVO:00000156
1007000158	-27	ENVO:00000157
1007000159	-27	ENVO:00000158
1007000160	-27	ENVO:00000159
1007000161	-27	ENVO:00000160
1007000162	-27	ENVO:00000161
1007000163	-27	ENVO:00000162
1007000164	-27	ENVO:00000163
1007000165	-27	ENVO:00000164
1007000166	-27	ENVO:00000165
1007000167	-27	ENVO:00000166
1007000168	-27	ENVO:00000167
1007000169	-27	ENVO:00000168
1007000170	-27	ENVO:00000169
1007000171	-27	ENVO:00000170
1007000172	-27	ENVO:00000171
1007000173	-27	ENVO:00000172
1007000174	-27	ENVO:00000173
1007000175	-27	ENVO:00000174
1007000176	-27	ENVO:00000175
1007000177	-27	ENVO:00000176
1007000178	-27	ENVO:00000177
1007000179	-27	ENVO:00000178
1007000180	-27	ENVO:00000179
1007000181	-27	ENVO:00000180
1007000182	-27	ENVO:00000181
1007000183	-27	ENVO:00000182
1007000184	-27	ENVO:00000183
1007000185	-27	ENVO:00000184
1007000186	-27	ENVO:00000185
1007000187	-27	ENVO:00000186
1007000188	-27	ENVO:00000187
1007000189	-27	ENVO:00000188
1007000190	-27	ENVO:00000189
1007000191	-27	ENVO:00000190
1007000192	-27	ENVO:00000191
1007000193	-27	ENVO:00000192
1007000194	-27	ENVO:00000193
1007000195	-27	ENVO:00000194
1007000196	-27	ENVO:00000195
1007000197	-27	ENVO:00000196
1007000198	-27	ENVO:00000197
1007000199	-27	ENVO:00000198
1007000200	-27	ENVO:00000199
1007000201	-27	ENVO:00000200
1007000202	-27	ENVO:00000201
1007000203	-27	ENVO:00000202
1007000204	-27	ENVO:00000203
1007000205	-27	ENVO:00000204
1007000206	-27	ENVO:00000205
1007000207	-27	ENVO:00000206
1007000208	-27	ENVO:00000207
1007000209	-27	ENVO:00000208
1007000210	-27	ENVO:00000209
1007000211	-27	ENVO:00000210
1007000212	-27	ENVO:00000211
1007000213	-27	ENVO:00000212
1007000214	-27	ENVO:00000213
1007000215	-27	ENVO:00000214
1007000216	-27	ENVO:00000215
1007000217	-27	ENVO:00000216
1007000218	-27	ENVO:00000217
1007000219	-27	ENVO:00000218
1007000220	-27	ENVO:00000219
1007000221	-27	ENVO:00000220
1007000222	-27	ENVO:00000221
1007000223	-27	ENVO:00000222
1007000224	-27	ENVO:00000223
1007000225	-27	ENVO:00000224
1007000226	-27	ENVO:00000225
1007000227	-27	ENVO:00000226
1007000228	-27	ENVO:00000227
1007000229	-27	ENVO:00000228
1007000230	-27	ENVO:00000229
1007000231	-27	ENVO:00000230
1007000232	-27	ENVO:00000231
1007000233	-27	ENVO:00000232
1007000234	-27	ENVO:00000233
1007000235	-27	ENVO:00000234
1007000236	-27	ENVO:00000235
1007000237	-27	ENVO:00000236
1007000238	-27	ENVO:00000237
1007000239	-27	ENVO:00000238
1007000240	-27	ENVO:00000239
1007000241	-27	ENVO:00000240
1007000242	-27	ENVO:00000241
1007000243	-27	ENVO:00000242
1007000244	-27	ENVO:00000243
1007000245	-27	ENVO:00000244
1007000246	-27	ENVO:00000245
1007000247	-27	ENVO:00000246
1007000248	-27	ENVO:00000247
1007000249	-27	ENVO:00000248
1007000250	-27	ENVO:00000249
1007000251	-27	ENVO:00000250
1007000252	-27	ENVO:00000251
1007000253	-27	ENVO:00000252
1007000254	-27	ENVO:00000253
1007000255	-27	ENVO:00000254
1007000256	-27	ENVO:00000255
1007000257	-27	ENVO:00000256
1007000258	-27	ENVO:00000257
1007000259	-27	ENVO:00000258
1007000260	-27	ENVO:00000259
1007000261	-27	ENVO:00000260
1007000262	-27	ENVO:00000261
1007000263	-27	ENVO:00000262
1007000264	-27	ENVO:00000263
1007000265	-27	ENVO:00000264
1007000266	-27	ENVO:00000265
1007000267	-27	ENVO:00000266
1007000268	-27	ENVO:00000267
1007000269	-27	ENVO:00000268
1007000270	-27	ENVO:00000269
1007000271	-27	ENVO:00000270
1007000272	-27	ENVO:00000271
1007000273	-27	ENVO:00000272
1007000274	-27	ENVO:00000273
1007000275	-27	ENVO:00000274
1007000276	-27	ENVO:00000275
1007000277	-27	ENVO:00000276
1007000278	-27	ENVO:00000277
1007000279	-27	ENVO:00000278
1007000280	-27	ENVO:00000279
1007000281	-27	ENVO:00000280
1007000282	-27	ENVO:00000281
1007000283	-27	ENVO:00000282
1007000284	-27	ENVO:00000283
1007000285	-27	ENVO:00000284
1007000286	-27	ENVO:00000285
1007000287	-27	ENVO:00000286
1007000288	-27	ENVO:00000287
1007000289	-27	ENVO:00000288
1007000290	-27	ENVO:00000289
1007000291	-27	ENVO:00000290
1007000292	-27	ENVO:00000291
1007000293	-27	ENVO:00000292
1007000294	-27	ENVO:00000293
1007000295	-27	ENVO:00000294
1007000296	-27	ENVO:00000295
1007000297	-27	ENVO:00000296
1007000298	-27	ENVO:00000297
1007000299	-27	ENVO:00000298
1007000300	-27	ENVO:00000299
1007000301	-27	ENVO:00000300
1007000302	-27	ENVO:00000301
1007000303	-27	ENVO:00000302
1007000304	-27	ENVO:00000303
1007000305	-27	ENVO:00000304
1007000306	-27	ENVO:00000305
1007000307	-27	ENVO:00000306
1007000308	-27	ENVO:00000307
1007000309	-27	ENVO:00000308
1007000310	-27	ENVO:00000309
1007000311	-27	ENVO:00000310
1007000312	-27	ENVO:00000311
1007000313	-27	ENVO:00000312
1007000314	-27	ENVO:00000313
1007000315	-27	ENVO:00000314
1007000316	-27	ENVO:00000315
1007000317	-27	ENVO:00000316
1007000318	-27	ENVO:00000317
1007000319	-27	ENVO:00000318
1007000320	-27	ENVO:00000319
1007000321	-27	ENVO:00000320
1007000322	-27	ENVO:00000321
1007000323	-27	ENVO:00000322
1007000324	-27	ENVO:00000323
1007000325	-27	ENVO:00000324
1007000326	-27	ENVO:00000325
1007000327	-27	ENVO:00000326
1007000328	-27	ENVO:00000327
1007000329	-27	ENVO:00000328
1007000330	-27	ENVO:00000329
1007000331	-27	ENVO:00000330
1007000332	-27	ENVO:00000331
1007000333	-27	ENVO:00000332
1007000334	-27	ENVO:00000333
1007000335	-27	ENVO:00000334
1007000336	-27	ENVO:00000335
1007000337	-27	ENVO:00000336
1007000338	-27	ENVO:00000337
1007000339	-27	ENVO:00000338
1007000340	-27	ENVO:00000339
1007000341	-27	ENVO:00000340
1007000342	-27	ENVO:00000341
1007000343	-27	ENVO:00000342
1007000344	-27	ENVO:00000343
1007000345	-27	ENVO:00000344
1007000346	-27	ENVO:00000345
1007000347	-27	ENVO:00000346
1007000348	-27	ENVO:00000347
1007000349	-27	ENVO:00000348
1007000350	-27	ENVO:00000349
1007000351	-27	ENVO:00000350
1007000352	-27	ENVO:00000351
1007000353	-27	ENVO:00000352
1007000354	-27	ENVO:00000353
1007000355	-27	ENVO:00000354
1007000356	-27	ENVO:00000355
1007000357	-27	ENVO:00000356
1007000358	-27	ENVO:00000357
1007000359	-27	ENVO:00000358
1007000360	-27	ENVO:00000359
1007000361	-27	ENVO:00000360
1007000362	-27	ENVO:00000361
1007000363	-27	ENVO:00000362
1007000364	-27	ENVO:00000363
1007000365	-27	ENVO:00000364
1007000366	-27	ENVO:00000365
1007000367	-27	ENVO:00000366
1007000368	-27	ENVO:00000367
1007000369	-27	ENVO:00000368
1007000370	-27	ENVO:00000369
1007000371	-27	ENVO:00000370
1007000372	-27	ENVO:00000371
1007000373	-27	ENVO:00000372
1007000374	-27	ENVO:00000373
1007000375	-27	ENVO:00000374
1007000376	-27	ENVO:00000375
1007000377	-27	ENVO:00000376
1007000378	-27	ENVO:00000377
1007000379	-27	ENVO:00000378
1007000380	-27	ENVO:00000380
1007000381	-27	ENVO:00000381
1007000382	-27	ENVO:00000382
1007000383	-27	ENVO:00000383
1007000384	-27	ENVO:00000384
1007000385	-27	ENVO:00000385
1007000386	-27	ENVO:00000386
1007000387	-27	ENVO:00000387
1007000388	-27	ENVO:00000388
1007000389	-27	ENVO:00000389
1007000390	-27	ENVO:00000390
1007000391	-27	ENVO:00000391
1007000392	-27	ENVO:00000392
1007000393	-27	ENVO:00000393
1007000394	-27	ENVO:00000394
1007000395	-27	ENVO:00000395
1007000396	-27	ENVO:00000396
1007000397	-27	ENVO:00000397
1007000398	-27	ENVO:00000398
1007000399	-27	ENVO:00000399
1007000400	-27	ENVO:00000400
1007000401	-27	ENVO:00000401
1007000402	-27	ENVO:00000402
1007000403	-27	ENVO:00000403
1007000404	-27	ENVO:00000404
1007000405	-27	ENVO:00000405
1007000406	-27	ENVO:00000406
1007000407	-27	ENVO:00000407
1007000408	-27	ENVO:00000408
1007000409	-27	ENVO:00000409
1007000410	-27	ENVO:00000410
1007000411	-27	ENVO:00000411
1007000412	-27	ENVO:00000412
1007000413	-27	ENVO:00000413
1007000414	-27	ENVO:00000414
1007000415	-27	ENVO:00000415
1007000416	-27	ENVO:00000416
1007000417	-27	ENVO:00000417
1007000418	-27	ENVO:00000418
1007000419	-27	ENVO:00000419
1007000420	-27	ENVO:00000420
1007000421	-27	ENVO:00000421
1007000422	-27	ENVO:00000422
1007000423	-27	ENVO:00000423
1007000424	-27	ENVO:00000424
1007000425	-27	ENVO:00000425
1007000426	-27	ENVO:00000426
1007000427	-27	ENVO:00000427
1007000428	-27	ENVO:00000428
1007000429	-27	ENVO:00000429
1007000430	-27	ENVO:00000430
1007000431	-27	ENVO:00000431
1007000432	-27	ENVO:00000432
1007000433	-27	ENVO:00000433
1007000434	-27	ENVO:00000434
1007000435	-27	ENVO:00000435
1007000436	-27	ENVO:00000436
1007000437	-27	ENVO:00000437
1007000438	-27	ENVO:00000438
1007000439	-27	ENVO:00000439
1007000440	-27	ENVO:00000440
1007000441	-27	ENVO:00000441
1007000442	-27	ENVO:00000442
1007000443	-27	ENVO:00000443
1007000444	-27	ENVO:00000444
1007000445	-27	ENVO:00000445
1007000446	-27	ENVO:00000446
1007000447	-27	ENVO:00000447
1007000448	-27	ENVO:00000448
1007000449	-27	ENVO:00000449
1007000450	-27	ENVO:00000450
1007000451	-27	ENVO:00000451
1007000452	-27	ENVO:00000452
1007000453	-27	ENVO:00000453
1007000454	-27	ENVO:00000454
1007000455	-27	ENVO:00000455
1007000456	-27	ENVO:00000456
1007000457	-27	ENVO:00000457
1007000458	-27	ENVO:00000458
1007000459	-27	ENVO:00000459
1007000460	-27	ENVO:00000460
1007000461	-27	ENVO:00000461
1007000462	-27	ENVO:00000462
1007000463	-27	ENVO:00000463
1007000464	-27	ENVO:00000464
1007000465	-27	ENVO:00000465
1007000466	-27	ENVO:00000466
1007000467	-27	ENVO:00000467
1007000468	-27	ENVO:00000468
1007000469	-27	ENVO:00000469
1007000470	-27	ENVO:00000470
1007000471	-27	ENVO:00000471
1007000472	-27	ENVO:00000472
1007000473	-27	ENVO:00000473
1007000474	-27	ENVO:00000474
1007000475	-27	ENVO:00000475
1007000476	-27	ENVO:00000476
1007000477	-27	ENVO:00000477
1007000478	-27	ENVO:00000478
1007000479	-27	ENVO:00000479
1007000480	-27	ENVO:00000480
1007000481	-27	ENVO:00000481
1007000482	-27	ENVO:00000482
1007000483	-27	ENVO:00000483
1007000484	-27	ENVO:00000484
1007000485	-27	ENVO:00000485
1007000486	-27	ENVO:00000486
1007000487	-27	ENVO:00000487
1007000488	-27	ENVO:00000488
1007000489	-27	ENVO:00000489
1007000490	-27	ENVO:00000490
1007000491	-27	ENVO:00000491
1007000492	-27	ENVO:00000492
1007000493	-27	ENVO:00000493
1007000494	-27	ENVO:00000494
1007000495	-27	ENVO:00000495
1007000496	-27	ENVO:00000496
1007000497	-27	ENVO:00000497
1007000498	-27	ENVO:00000498
1007000499	-27	ENVO:00000499
1007000500	-27	ENVO:00000500
1007000501	-27	ENVO:00000501
1007000502	-27	ENVO:00000502
1007000503	-27	ENVO:00000503
1007000504	-27	ENVO:00000504
1007000505	-27	ENVO:00000505
1007000506	-27	ENVO:00000506
1007000507	-27	ENVO:00000507
1007000508	-27	ENVO:00000508
1007000509	-27	ENVO:00000509
1007000510	-27	ENVO:00000510
1007000511	-27	ENVO:00000511
1007000512	-27	ENVO:00000512
1007000513	-27	ENVO:00000513
1007000514	-27	ENVO:00000514
1007000515	-27	ENVO:00000515
1007000516	-27	ENVO:00000516
1007000517	-27	ENVO:00000517
1007000518	-27	ENVO:00000518
1007000519	-27	ENVO:00000519
1007000520	-27	ENVO:00000520
1007000521	-27	ENVO:00000521
1007000522	-27	ENVO:00000522
1007000523	-27	ENVO:00000523
1007000524	-27	ENVO:00000524
1007000525	-27	ENVO:00000525
1007000526	-27	ENVO:00000526
1007000527	-27	ENVO:00000527
1007000528	-27	ENVO:00000528
1007000529	-27	ENVO:00000529
1007000530	-27	ENVO:00000530
1007000531	-27	ENVO:00000531
1007000532	-27	ENVO:00000532
1007000533	-27	ENVO:00000533
1007000534	-27	ENVO:00000534
1007000535	-27	ENVO:00000535
1007000536	-27	ENVO:00000536
1007000537	-27	ENVO:00000537
1007000538	-27	ENVO:00000538
1007000539	-27	ENVO:00000539
1007000540	-27	ENVO:00000540
1007000541	-27	ENVO:00000541
1007000542	-27	ENVO:00000542
1007000543	-27	ENVO:00000543
1007000544	-27	ENVO:00000544
1007000545	-27	ENVO:00000545
1007000546	-27	ENVO:00000546
1007000547	-27	ENVO:00000547
1007000548	-27	ENVO:00000548
1007000549	-27	ENVO:00000549
1007000550	-27	ENVO:00000550
1007000551	-27	ENVO:00000551
1007000552	-27	ENVO:00000552
1007000553	-27	ENVO:00000553
1007000554	-27	ENVO:00000554
1007000555	-27	ENVO:00000555
1007000556	-27	ENVO:00000556
1007000557	-27	ENVO:00000557
1007000558	-27	ENVO:00000558
1007000559	-27	ENVO:00000559
1007000560	-27	ENVO:00000560
1007000561	-27	ENVO:00000561
1007000562	-27	ENVO:00000562
1007000563	-27	ENVO:00000563
1007000564	-27	ENVO:00000564
1007000565	-27	ENVO:00000565
1007000566	-27	ENVO:00000566
1007000567	-27	ENVO:00000567
1007000568	-27	ENVO:00000568
1007000569	-27	ENVO:00000569
1007000570	-27	ENVO:00000570
1007000571	-27	ENVO:00000571
1007000572	-27	ENVO:00000572
1007000573	-27	ENVO:00000856
1007000574	-27	ENVO:00000873
1007000575	-27	ENVO:00000874
1007000576	-27	ENVO:00000875
1007000577	-27	ENVO:00000876
1007000578	-27	ENVO:00000877
1007000579	-27	ENVO:00000878
1007000580	-27	ENVO:00000879
1007000581	-27	ENVO:00000880
1007000582	-27	ENVO:00000881
1007000583	-27	ENVO:00000882
1007000584	-27	ENVO:00000883
1007000585	-27	ENVO:00000884
1007000586	-27	ENVO:00000885
1007000587	-27	ENVO:00000886
1007000588	-27	ENVO:00000887
1007000589	-27	ENVO:00000888
1007000590	-27	ENVO:00000889
1007000591	-27	ENVO:00000890
1007000592	-27	ENVO:00000891
1007000593	-27	ENVO:00000892
1007000594	-27	ENVO:00000893
1007000595	-27	ENVO:00000894
1007000596	-27	ENVO:00000895
1007000597	-27	ENVO:00000896
1007000598	-27	ENVO:00000897
1007000599	-27	ENVO:00000898
1007000600	-27	ENVO:00001995
1007000601	-27	ENVO:00001996
1007000602	-27	ENVO:00001997
1007000603	-27	ENVO:00001998
1007000604	-27	ENVO:00001999
1007000605	-27	ENVO:00002000
1007000606	-27	ENVO:00002001
1007000607	-27	ENVO:00002002
1007000608	-27	ENVO:00002003
1007000609	-27	ENVO:00002004
1007000610	-27	ENVO:00002005
1007000611	-27	ENVO:00002006
1007000612	-27	ENVO:00002007
1007000613	-27	ENVO:00002008
1007000614	-27	ENVO:00002009
1007000615	-27	ENVO:00002010
1007000616	-27	ENVO:00002011
1007000617	-27	ENVO:00002012
1007000618	-27	ENVO:00002013
1007000619	-27	ENVO:00002014
1007000620	-27	ENVO:00002015
1007000621	-27	ENVO:00002016
1007000622	-27	ENVO:00002017
1007000623	-27	ENVO:00002018
1007000624	-27	ENVO:00002019
1007000625	-27	ENVO:00002020
1007000626	-27	ENVO:00002021
1007000627	-27	ENVO:00002022
1007000628	-27	ENVO:00002023
1007000629	-27	ENVO:00002024
1007000630	-27	ENVO:00002025
1007000631	-27	ENVO:00002026
1007000632	-27	ENVO:00002027
1007000633	-27	ENVO:00002028
1007000634	-27	ENVO:00002029
1007000635	-27	ENVO:00002030
1007000636	-27	ENVO:00002031
1007000637	-27	ENVO:00002032
1007000638	-27	ENVO:00002033
1007000639	-27	ENVO:00002034
1007000640	-27	ENVO:00002035
1007000641	-27	ENVO:00002036
1007000642	-27	ENVO:00002037
1007000643	-27	ENVO:00002038
1007000644	-27	ENVO:00002039
1007000645	-27	ENVO:00002040
1007000646	-27	ENVO:00002041
1007000647	-27	ENVO:00002042
1007000648	-27	ENVO:00002043
1007000649	-27	ENVO:00002044
1007000650	-27	ENVO:00002045
1007000651	-27	ENVO:00002046
1007000652	-27	ENVO:00002047
1007000653	-27	ENVO:00002048
1007000654	-27	ENVO:00002049
1007000655	-27	ENVO:00002050
1007000656	-27	ENVO:00002051
1007000657	-27	ENVO:00002052
1007000658	-27	ENVO:00002053
1007000659	-27	ENVO:00002054
1007000660	-27	ENVO:00002055
1007000661	-27	ENVO:00002056
1007000662	-27	ENVO:00002057
1007000663	-27	ENVO:00002058
1007000664	-27	ENVO:00002059
1007000665	-27	ENVO:00002060
1007000666	-27	ENVO:00002061
1007000667	-27	ENVO:00002062
1007000668	-27	ENVO:00002063
1007000669	-27	ENVO:00002112
1007000670	-27	ENVO:00002113
1007000671	-27	ENVO:00002114
1007000672	-27	ENVO:00002115
1007000673	-27	ENVO:00002116
1007000674	-27	ENVO:00002117
1007000675	-27	ENVO:00002118
1007000676	-27	ENVO:00002119
1007000677	-27	ENVO:00002120
1007000678	-27	ENVO:00002121
1007000679	-27	ENVO:00002122
1007000680	-27	ENVO:00002123
1007000681	-27	ENVO:00002124
1007000682	-27	ENVO:00002125
1007000683	-27	ENVO:00002126
1007000684	-27	ENVO:00002127
1007000685	-27	ENVO:00002128
1007000686	-27	ENVO:00002129
1007000687	-27	ENVO:00002130
1007000688	-27	ENVO:00002131
1007000689	-27	ENVO:00002132
1007000690	-27	ENVO:00002133
1007000691	-27	ENVO:00002134
1007000692	-27	ENVO:00002135
1007000693	-27	ENVO:00002136
1007000694	-27	ENVO:00002137
1007000695	-27	ENVO:00002138
1007000696	-27	ENVO:00002139
1007000697	-27	ENVO:00002140
1007000698	-27	ENVO:00002141
1007000699	-27	ENVO:00002142
1007000700	-27	ENVO:00002143
1007000701	-27	ENVO:00002144
1007000702	-27	ENVO:00002145
1007000703	-27	ENVO:00002146
1007000704	-27	ENVO:00002147
1007000705	-27	ENVO:00002148
1007000706	-27	ENVO:00002149
1007000707	-27	ENVO:00002150
1007000708	-27	ENVO:00002151
1007000709	-27	ENVO:00002152
1007000710	-27	ENVO:00002153
1007000711	-27	ENVO:00002154
1007000712	-27	ENVO:00002155
1007000713	-27	ENVO:00002156
1007000714	-27	ENVO:00002157
1007000715	-27	ENVO:00002158
1007000716	-27	ENVO:00002159
1007000717	-27	ENVO:00002160
1007000718	-27	ENVO:00002161
1007000719	-27	ENVO:00002162
1007000720	-27	ENVO:00002163
1007000721	-27	ENVO:00002164
1007000722	-27	ENVO:00002165
1007000723	-27	ENVO:00002166
1007000724	-27	ENVO:00002167
1007000725	-27	ENVO:00002168
1007000726	-27	ENVO:00002169
1007000727	-27	ENVO:00002170
1007000728	-27	ENVO:00002171
1007000729	-27	ENVO:00002172
1007000730	-27	ENVO:00002173
1007000731	-27	ENVO:00002174
1007000732	-27	ENVO:00002175
1007000733	-27	ENVO:00002176
1007000734	-27	ENVO:00002177
1007000735	-27	ENVO:00002178
1007000736	-27	ENVO:00002179
1007000737	-27	ENVO:00002180
1007000738	-27	ENVO:00002181
1007000739	-27	ENVO:00002182
1007000740	-27	ENVO:00002183
1007000741	-27	ENVO:00002184
1007000742	-27	ENVO:00002185
1007000743	-27	ENVO:00002186
1007000744	-27	ENVO:00002187
1007000745	-27	ENVO:00002188
1007000746	-27	ENVO:00002189
1007000747	-27	ENVO:00002190
1007000748	-27	ENVO:00002191
1007000749	-27	ENVO:00002192
1007000750	-27	ENVO:00002193
1007000751	-27	ENVO:00002194
1007000752	-27	ENVO:00002195
1007000753	-27	ENVO:00002196
1007000754	-27	ENVO:00002197
1007000755	-27	ENVO:00002198
1007000756	-27	ENVO:00002199
1007000757	-27	ENVO:00002200
1007000758	-27	ENVO:00002201
1007000759	-27	ENVO:00002202
1007000760	-27	ENVO:00002203
1007000761	-27	ENVO:00002204
1007000762	-27	ENVO:00002205
1007000763	-27	ENVO:00002206
1007000764	-27	ENVO:00002207
1007000765	-27	ENVO:00002209
1007000766	-27	ENVO:00002210
1007000767	-27	ENVO:00002211
1007000768	-27	ENVO:00002212
1007000769	-27	ENVO:00002213
1007000770	-27	ENVO:00002214
1007000771	-27	ENVO:00002215
1007000772	-27	ENVO:00002216
1007000773	-27	ENVO:00002217
1007000774	-27	ENVO:00002218
1007000775	-27	ENVO:00002219
1007000776	-27	ENVO:00002220
1007000777	-27	ENVO:00002221
1007000778	-27	ENVO:00002222
1007000779	-27	ENVO:00002223
1007000780	-27	ENVO:00002224
1007000781	-27	ENVO:00002225
1007000782	-27	ENVO:00002226
1007000783	-27	ENVO:00002227
1007000784	-27	ENVO:00002228
1007000785	-27	ENVO:00002229
1007000786	-27	ENVO:00002230
1007000787	-27	ENVO:00002231
1007000788	-27	ENVO:00002232
1007000789	-27	ENVO:00002233
1007000790	-27	ENVO:00002234
1007000791	-27	ENVO:00002235
1007000792	-27	ENVO:00002236
1007000793	-27	ENVO:00002237
1007000794	-27	ENVO:00002238
1007000795	-27	ENVO:00002239
1007000796	-27	ENVO:00002240
1007000797	-27	ENVO:00002241
1007000798	-27	ENVO:00002242
1007000799	-27	ENVO:00002243
1007000800	-27	ENVO:00002244
1007000801	-27	ENVO:00002245
1007000802	-27	ENVO:00002246
1007000803	-27	ENVO:00002247
1007000804	-27	ENVO:00002248
1007000805	-27	ENVO:00002249
1007000806	-27	ENVO:00002250
1007000807	-27	ENVO:00002251
1007000808	-27	ENVO:00002252
1007000809	-27	ENVO:00002253
1007000810	-27	ENVO:00002254
1007000811	-27	ENVO:00002255
1007000812	-27	ENVO:00002256
1007000813	-27	ENVO:00002257
1007000814	-27	ENVO:00002258
1007000815	-27	ENVO:00002259
1007000816	-27	ENVO:00002260
1007000817	-27	ENVO:00002261
1007000818	-27	ENVO:00002262
1007000819	-27	ENVO:00002263
1007000820	-27	ENVO:00002264
1007000821	-27	ENVO:00002265
1007000822	-27	ENVO:00002266
1007000823	-27	ENVO:00002267
1007000824	-27	ENVO:00002268
1007000825	-27	ENVO:00002269
1007000826	-27	ENVO:00002270
1007000827	-27	ENVO:00002271
1007000828	-27	ENVO:00002272
1007000829	-27	ENVO:00002273
1007000830	-27	ENVO:00002274
1007000831	-27	ENVO:00002275
1007000832	-27	ENVO:00002276
1007000833	-27	ENVO:00002277
1007000834	-27	ENVO:00002297
1007000835	-27	ENVO:00002450
1007000836	-27	ENVO:00002869
1007000837	-27	ENVO:00002870
1007000838	-27	ENVO:00002871
1007000839	-27	ENVO:00002872
1007000840	-27	ENVO:00002873
1007000841	-27	ENVO:00002874
1007000842	-27	ENVO:00002875
1007000843	-27	ENVO:00002926
1007000844	-27	ENVO:00002982
1007000845	-27	ENVO:00002983
1007000846	-27	ENVO:00002984
1007000847	-27	ENVO:00002985
1007000848	-27	ENVO:00002986
1007000849	-27	ENVO:00002987
1007000850	-27	ENVO:00002988
1007000851	-27	ENVO:00002989
1007000852	-27	ENVO:00002990
1007000853	-27	ENVO:00002991
1007000854	-27	ENVO:00002992
1007000855	-27	ENVO:00002993
1007000856	-27	ENVO:00002994
1007000857	-27	ENVO:00002995
1007000858	-27	ENVO:00002996
1007000859	-27	ENVO:00002997
1007000860	-27	ENVO:00002998
1007000861	-27	ENVO:00002999
1007000862	-27	ENVO:00003000
1007000863	-27	ENVO:00003001
1007000864	-27	ENVO:00003002
1007000865	-27	ENVO:00003003
1007000866	-27	ENVO:00003004
1007000867	-27	ENVO:00003005
1007000868	-27	ENVO:00003006
1007000869	-27	ENVO:00003007
1007000870	-27	ENVO:00003008
1007000871	-27	ENVO:00003009
1007000872	-27	ENVO:00003010
1007000873	-27	ENVO:00003011
1007000874	-27	ENVO:00003012
1007000875	-27	ENVO:00003013
1007000876	-27	ENVO:00003014
1007000877	-27	ENVO:00003015
1007000878	-27	ENVO:00003016
1007000879	-27	ENVO:00003017
1007000880	-27	ENVO:00003018
1007000881	-27	ENVO:00003019
1007000882	-27	ENVO:00003020
1007000883	-27	ENVO:00003021
1007000884	-27	ENVO:00003022
1007000885	-27	ENVO:00003023
1007000886	-27	ENVO:00003024
1007000887	-27	ENVO:00003025
1007000888	-27	ENVO:00003026
1007000889	-27	ENVO:00003027
1007000890	-27	ENVO:00003028
1007000891	-27	ENVO:00003029
1007000892	-27	ENVO:00003030
1007000893	-27	ENVO:00003031
1007000894	-27	ENVO:00003032
1007000895	-27	ENVO:00003033
1007000896	-27	ENVO:00003037
1007000897	-27	ENVO:00003038
1007000898	-27	ENVO:00003039
1007000899	-27	ENVO:00003040
1007000900	-27	ENVO:00003041
1007000901	-27	ENVO:00003042
1007000902	-27	ENVO:00003043
1007000903	-27	ENVO:00003044
1007000904	-27	ENVO:00003045
1007000905	-27	ENVO:00003046
1007000906	-27	ENVO:00003047
1007000907	-27	ENVO:00003048
1007000908	-27	ENVO:00003049
1007000909	-27	ENVO:00003050
1007000910	-27	ENVO:00003051
1007000911	-27	ENVO:00003052
1007000912	-27	ENVO:00003053
1007000913	-27	ENVO:00003054
1007000914	-27	ENVO:00003055
1007000915	-27	ENVO:00003056
1007000916	-27	ENVO:00003057
1007000917	-27	ENVO:00003058
1007000918	-27	ENVO:00003059
1007000919	-27	ENVO:00003060
1007000920	-27	ENVO:00003061
1007000921	-27	ENVO:00003062
1007000922	-27	ENVO:00003063
1007000923	-27	ENVO:00003064
1007000924	-27	ENVO:00003065
1007000925	-27	ENVO:00003066
1007000926	-27	ENVO:00003067
1007000927	-27	ENVO:00003068
1007000928	-27	ENVO:00003069
1007000929	-27	ENVO:00003070
1007000930	-27	ENVO:00003071
1007000931	-27	ENVO:00003072
1007000932	-27	ENVO:00003073
1007000933	-27	ENVO:00003074
1007000934	-27	ENVO:00003075
1007000935	-27	ENVO:00003076
1007000936	-27	ENVO:00003077
1007000937	-27	ENVO:00003078
1007000938	-27	ENVO:00003079
1007000939	-27	ENVO:00003080
1007000940	-27	ENVO:00003081
1007000941	-27	ENVO:00003082
1007000942	-27	ENVO:00003083
1007000943	-27	ENVO:00003084
1007000944	-27	ENVO:00003085
1007000945	-27	ENVO:00003086
1007000946	-27	ENVO:00003087
1007000947	-27	ENVO:00003088
1007000948	-27	ENVO:00003089
1007000949	-27	ENVO:00003090
1007000950	-27	ENVO:00003091
1007000951	-27	ENVO:00003092
1007000952	-27	ENVO:00003093
1007000953	-27	ENVO:00003094
1007000954	-27	ENVO:00003095
1007000955	-27	ENVO:00003096
1007000956	-27	ENVO:00003097
1007000957	-27	ENVO:00003323
1007000958	-27	ENVO:00003779
1007000959	-27	ENVO:00003859
1007000960	-27	ENVO:00003860
1007000961	-27	ENVO:00003861
1007000962	-27	ENVO:00003862
1007000963	-27	ENVO:00003863
1007000964	-27	ENVO:00003864
1007000965	-27	ENVO:00003869
1007000966	-27	ENVO:00003870
1007000967	-27	ENVO:00003871
1007000968	-27	ENVO:00003872
1007000969	-27	ENVO:00003873
1007000970	-27	ENVO:00003874
1007000971	-27	ENVO:00003875
1007000972	-27	ENVO:00003876
1007000973	-27	ENVO:00003877
1007000974	-27	ENVO:00003878
1007000975	-27	ENVO:00003879
1007000976	-27	ENVO:00003880
1007000977	-27	ENVO:00003881
1007000978	-27	ENVO:00003882
1007000979	-27	ENVO:00003883
1007000980	-27	ENVO:00003884
1007000981	-27	ENVO:00003885
1007000982	-27	ENVO:00003886
1007000983	-27	ENVO:00003887
1007000984	-27	ENVO:00003888
1007000985	-27	ENVO:00003889
1007000986	-27	ENVO:00003890
1007000987	-27	ENVO:00003891
1007000988	-27	ENVO:00003893
1007000989	-27	ENVO:00003894
1007000990	-27	ENVO:00003895
1007000991	-27	ENVO:00003896
1007000992	-27	ENVO:00003898
1007000993	-27	ENVO:00003899
1007000994	-27	ENVO:00003900
1007000995	-27	ENVO:00003903
1007000996	-27	ENVO:00003904
1007000997	-27	ENVO:00003905
1007000998	-27	ENVO:00003906
1007000999	-27	ENVO:00003907
1007001000	-27	ENVO:00003908
1007001001	-27	ENVO:00003911
1007001002	-27	ENVO:00003912
1007001003	-27	ENVO:00003913
1007001004	-27	ENVO:00003914
1007001005	-27	ENVO:00003915
1007001006	-27	ENVO:00003919
1007001007	-27	ENVO:00003927
1007001008	-27	ENVO:00003928
1007001009	-27	ENVO:00003929
1007001010	-27	ENVO:00003930
1007001011	-27	ENVO:00003963
1007001012	-27	ENVO:00003964
1007001013	-27	ENVO:00003965
1007001014	-27	ENVO:00003966
1007001015	-27	ENVO:00003967
1007001016	-27	ENVO:00003968
1007001017	-27	ENVO:00003969
1007001018	-27	ENVO:00003970
1007001019	-27	ENVO:00003971
1007001020	-27	ENVO:00003972
1007001021	-27	ENVO:00003973
1007001022	-27	ENVO:00003975
1007001023	-27	ENVO:00003976
1007001024	-27	ENVO:00003977
1007001025	-27	ENVO:00003978
1007001026	-27	ENVO:00003979
1007001027	-27	ENVO:00003980
1007001028	-27	ENVO:00003982
1007001029	-27	ENVO:00004638
1007001030	-27	ENVO:00004683
1007001031	-27	ENVO:00005738
1007001032	-27	ENVO:00005739
1007001033	-27	ENVO:00005740
1007001034	-27	ENVO:00005741
1007001035	-27	ENVO:00005742
1007001036	-27	ENVO:00005743
1007001037	-27	ENVO:00005744
1007001038	-27	ENVO:00005745
1007001039	-27	ENVO:00005746
1007001040	-27	ENVO:00005747
1007001041	-27	ENVO:00005748
1007001042	-27	ENVO:00005749
1007001043	-27	ENVO:00005750
1007001044	-27	ENVO:00005751
1007001045	-27	ENVO:00005752
1007001046	-27	ENVO:00005753
1007001047	-27	ENVO:00005754
1007001048	-27	ENVO:00005755
1007001049	-27	ENVO:00005756
1007001050	-27	ENVO:00005757
1007001051	-27	ENVO:00005758
1007001052	-27	ENVO:00005759
1007001053	-27	ENVO:00005760
1007001054	-27	ENVO:00005761
1007001055	-27	ENVO:00005762
1007001056	-27	ENVO:00005763
1007001057	-27	ENVO:00005764
1007001058	-27	ENVO:00005765
1007001059	-27	ENVO:00005766
1007001060	-27	ENVO:00005767
1007001061	-27	ENVO:00005768
1007001062	-27	ENVO:00005769
1007001063	-27	ENVO:00005770
1007001064	-27	ENVO:00005771
1007001065	-27	ENVO:00005772
1007001066	-27	ENVO:00005773
1007001067	-27	ENVO:00005774
1007001068	-27	ENVO:00005775
1007001069	-27	ENVO:00005776
1007001070	-27	ENVO:00005777
1007001071	-27	ENVO:00005778
1007001072	-27	ENVO:00005779
1007001073	-27	ENVO:00005780
1007001074	-27	ENVO:00005781
1007001075	-27	ENVO:00005782
1007001076	-27	ENVO:00005783
1007001077	-27	ENVO:00005784
1007001078	-27	ENVO:00005785
1007001079	-27	ENVO:00005786
1007001080	-27	ENVO:00005787
1007001081	-27	ENVO:00005788
1007001082	-27	ENVO:00005789
1007001083	-27	ENVO:00005790
1007001084	-27	ENVO:00005791
1007001085	-27	ENVO:00005792
1007001086	-27	ENVO:00005793
1007001087	-27	ENVO:00005794
1007001088	-27	ENVO:00005795
1007001089	-27	ENVO:00005796
1007001090	-27	ENVO:00005797
1007001091	-27	ENVO:00005798
1007001092	-27	ENVO:00005799
1007001093	-27	ENVO:00005800
1007001094	-27	ENVO:00005801
1007001095	-27	ENVO:00005802
1007001096	-27	ENVO:00005803
1007001097	-27	ENVO:00005804
1007001098	-27	ENVO:00005805
1007001099	-27	ENVO:00005806
1007001100	-27	ENVO:00006776
1007001101	-27	ENVO:00009001
1007001102	-27	ENVO:00009002
1007001103	-27	ENVO:00009003
1007001104	-27	ENVO:00009004
1007001105	-27	ENVO:00009686
1007001106	-27	ENVO:00009725
1007001107	-27	ENVO:00009726
1007001108	-27	ENVO:00010358
1007001109	-27	ENVO:00010442
1007001110	-27	ENVO:00010483
1007001111	-27	ENVO:00010504
1007001112	-27	ENVO:00010505
1007001113	-27	ENVO:00010506
1007001114	-27	ENVO:00010621
1007001115	-27	ENVO:00010622
1007001116	-27	ENVO:00010623
1007001117	-27	ENVO:00010624
1007001118	-27	ENVO:00010625
1007001119	-27	ENVO:00011764
1007001120	-27	ENVO:00012408
1007001121	-27	ENVO:00012411
1007001122	-27	ENVO:0010000
1007001123	-27	ENVO:0010001
1007001124	-27	ENVO:0010002
1007001125	-27	ENVO:0010003
1007001126	-27	ENVO:0010004
1007001127	-27	ENVO:0010005
1007001128	-27	ENVO:0010006
1007001129	-27	ENVO:0010007
1007001130	-27	ENVO:0010008
1007001131	-27	ENVO:0010009
1007001132	-27	ENVO:0010010
1007001133	-27	ENVO:0010011
1007001134	-27	ENVO:0010012
1007001135	-27	ENVO:0010013
1007001136	-27	ENVO:0010014
1007001137	-27	ENVO:0010015
1007001138	-27	ENVO:0010016
1007001139	-27	ENVO:0010017
1007001140	-27	ENVO:0010018
1007001141	-27	ENVO:0010019
1007001142	-27	ENVO:0010020
1007001143	-27	ENVO:0010021
1007001144	-27	ENVO:0010022
1007001145	-27	ENVO:0010023
1007001146	-27	ENVO:0010024
1007001147	-27	ENVO:0010025
1007001148	-27	ENVO:0010026
1007001149	-27	ENVO:0010027
1007001150	-27	ENVO:0010028
1007001151	-27	ENVO:0010029
1007001152	-27	ENVO:0010030
1007001153	-27	ENVO:0010031
1007001154	-27	ENVO:0010032
1007001155	-27	ENVO:0010033
1007001156	-27	ENVO:0010034
1007001157	-27	ENVO:0010035
1007001158	-27	ENVO:0010036
1007001159	-27	ENVO:0010037
1007001160	-27	ENVO:0010038
1007001161	-27	ENVO:0010039
1007001162	-27	ENVO:0010040
1007001163	-27	ENVO:0010041
1007001164	-27	ENVO:0010042
1007001165	-27	ENVO:0010043
1007001166	-27	ENVO:0010044
1007001167	-27	ENVO:0010045
1007001168	-27	ENVO:0010046
1007001169	-27	ENVO:0010047
1007001170	-27	ENVO:0010048
1007001171	-27	ENVO:0010049
1007001172	-27	ENVO:0010050
1007001173	-27	ENVO:0010051
1007001174	-27	ENVO:0010052
1007001175	-27	ENVO:0010053
1007001176	-27	ENVO:0010054
1007001177	-27	ENVO:0010055
1007001178	-27	ENVO:0010056
1007001179	-27	ENVO:0010057
1007001180	-27	ENVO:0010058
1007001181	-27	ENVO:0010059
1007001182	-27	ENVO:0010060
1007001183	-27	ENVO:0010061
1007001184	-27	ENVO:0010062
1007001185	-27	ENVO:0010063
1007001186	-27	ENVO:0010064
1007001187	-27	ENVO:0010065
1007001188	-27	ENVO:0010066
1007001189	-27	ENVO:0010067
1007001190	-27	ENVO:0010068
1007001191	-27	ENVO:0010069
1007001192	-27	ENVO:0010070
1007001193	-27	ENVO:0010071
1007001194	-27	ENVO:0010072
1007001195	-27	ENVO:0010073
1007001196	-27	ENVO:0010074
1007001197	-27	ENVO:0010075
1007001198	-27	ENVO:0010076
1007001199	-27	ENVO:0010077
1007001200	-27	ENVO:0010078
1007001201	-27	ENVO:0010079
1007001202	-27	ENVO:0010080
1007001203	-27	ENVO:0010081
1007001204	-27	ENVO:0010082
1007001205	-27	ENVO:0010083
1007001206	-27	ENVO:0010084
1007001207	-27	ENVO:0010085
1007001208	-27	ENVO:0010086
1007001209	-27	ENVO:0010087
1007001210	-27	ENVO:0010088
1007001211	-27	ENVO:0010089
1007001212	-27	ENVO:0010090
1007001213	-27	ENVO:0010091
1007001214	-27	ENVO:0010092
1007001215	-27	ENVO:0010093
1007001216	-27	ENVO:0010094
1007001217	-27	ENVO:0010095
1007001218	-27	ENVO:0010096
1007001219	-27	ENVO:0010097
1007001220	-27	ENVO:0010098
1007001221	-27	ENVO:0010099
1007001222	-27	ENVO:0010100
1007001223	-27	ENVO:0010101
1007001224	-27	ENVO:0010102
1007001225	-27	ENVO:0010103
1007001226	-27	ENVO:0010104
1007001227	-27	ENVO:0010105
1007001228	-27	ENVO:0010106
1007001229	-27	ENVO:0010107
1007001230	-27	ENVO:0010108
1007001231	-27	ENVO:0010109
1007001232	-27	ENVO:0010110
1007001233	-27	ENVO:0010111
1007001234	-27	ENVO:0010112
1007001235	-27	ENVO:0010113
1007001236	-27	ENVO:0010114
1007001237	-27	ENVO:0010115
1007001238	-27	ENVO:0010116
1007001239	-27	ENVO:0010117
1007001240	-27	ENVO:0010118
1007001241	-27	ENVO:0010119
1007001242	-27	ENVO:0010120
1007001243	-27	ENVO:0010121
1007001244	-27	ENVO:0010122
1007001245	-27	ENVO:0010123
1007001246	-27	ENVO:0010124
1007001247	-27	ENVO:0010125
1007001248	-27	ENVO:0010126
1007001249	-27	ENVO:0010127
1007001250	-27	ENVO:0010128
1007001251	-27	ENVO:0010129
1007001252	-27	ENVO:0010130
1007001253	-27	ENVO:0010131
1007001254	-27	ENVO:0010132
1007001255	-27	ENVO:0010133
1007001256	-27	ENVO:0010134
1007001257	-27	ENVO:0010135
1007001258	-27	ENVO:0010136
1007001259	-27	ENVO:0010137
1007001260	-27	ENVO:0010138
1007001261	-27	ENVO:0010139
1007001262	-27	ENVO:0010140
1007001263	-27	ENVO:0010141
1007001264	-27	ENVO:0010142
1007001265	-27	ENVO:0010143
1007001266	-27	ENVO:0010144
1007001267	-27	ENVO:0010146
1007001268	-27	ENVO:0010147
1007001269	-27	ENVO:0010148
1007001270	-27	ENVO:0010149
1007001271	-27	ENVO:0010150
1007001272	-27	ENVO:0010151
1007001273	-27	ENVO:0010152
1007001274	-27	ENVO:0010153
1007001275	-27	ENVO:0010154
1007001276	-27	ENVO:0010155
1007001277	-27	ENVO:0010156
1007001278	-27	ENVO:0010157
1007001279	-27	ENVO:0010158
1007001280	-27	ENVO:0010159
1007001281	-27	ENVO:0010160
1007001282	-27	ENVO:0010161
1007001283	-27	ENVO:0010162
1007001284	-27	ENVO:0010163
1007001285	-27	ENVO:0010164
1007001286	-27	ENVO:0010165
1007001287	-27	ENVO:0010166
1007001288	-27	ENVO:0010167
1007001289	-27	ENVO:0010168
1007001290	-27	ENVO:0010169
1007001291	-27	ENVO:0010170
1007001292	-27	ENVO:0010171
1007001293	-27	ENVO:01000000
1007001294	-27	ENVO:01000001
1007001295	-27	ENVO:01000002
1007001296	-27	ENVO:01000003
1007001297	-27	ENVO:01000004
1007001298	-27	ENVO:01000005
1007001299	-27	ENVO:01000006
1007001300	-27	ENVO:01000007
1007001301	-27	ENVO:01000008
1007001302	-27	ENVO:01000009
1007001303	-27	ENVO:01000010
1007001304	-27	ENVO:01000011
1007001305	-27	ENVO:01000012
1007001306	-27	ENVO:01000013
1007001307	-27	ENVO:01000014
1007001308	-27	ENVO:01000015
1007001309	-27	ENVO:01000016
1007001310	-27	ENVO:01000017
1007001311	-27	ENVO:01000018
1007001312	-27	ENVO:01000019
1007001313	-27	ENVO:01000020
1007001314	-27	ENVO:01000021
1007001315	-27	ENVO:01000022
1007001316	-27	ENVO:01000023
1007001317	-27	ENVO:01000024
1007001318	-27	ENVO:01000025
1007001319	-27	ENVO:01000026
1007001320	-27	ENVO:01000027
1007001321	-27	ENVO:01000028
1007001322	-27	ENVO:01000029
1007001323	-27	ENVO:01000030
1007001324	-27	ENVO:01000031
1007001325	-27	ENVO:01000032
1007001326	-27	ENVO:01000033
1007001327	-27	ENVO:01000034
1007001328	-27	ENVO:01000035
1007001329	-27	ENVO:01000036
1007001330	-27	ENVO:01000037
1007001331	-27	ENVO:01000038
1007001332	-27	ENVO:01000039
1007001333	-27	ENVO:01000040
1007001334	-27	ENVO:01000041
1007001335	-27	ENVO:01000042
1007001336	-27	ENVO:01000043
1007001337	-27	ENVO:01000044
1007001338	-27	ENVO:01000045
1007001339	-27	ENVO:01000046
1007001340	-27	ENVO:01000047
1007001341	-27	ENVO:01000048
1007001342	-27	ENVO:01000049
1007001343	-27	ENVO:01000050
1007001344	-27	ENVO:01000051
1007001345	-27	ENVO:01000052
1007001346	-27	ENVO:01000053
1007001347	-27	ENVO:01000054
1007001348	-27	ENVO:01000055
1007001349	-27	ENVO:01000056
1007001350	-27	ENVO:01000057
1007001351	-27	ENVO:01000058
1007001352	-27	ENVO:01000059
1007001353	-27	ENVO:01000060
1007001354	-27	ENVO:01000061
1007001355	-27	ENVO:01000062
1007001356	-27	ENVO:01000063
1007001357	-27	ENVO:01000064
1007001358	-27	ENVO:01000065
1007001359	-27	ENVO:01000066
1007001360	-27	ENVO:01000067
1007001361	-27	ENVO:01000068
1007001362	-27	ENVO:01000069
1007001363	-27	ENVO:01000070
1007001364	-27	ENVO:01000071
1007001365	-27	ENVO:01000072
1007001366	-27	ENVO:01000073
1007001367	-27	ENVO:01000074
1007001368	-27	ENVO:01000075
1007001369	-27	ENVO:01000076
1007001370	-27	ENVO:01000077
1007001371	-27	ENVO:01000078
1007001372	-27	ENVO:01000079
1007001373	-27	ENVO:01000080
1007001374	-27	ENVO:01000081
1007001375	-27	ENVO:01000082
1007001376	-27	ENVO:01000083
1007001377	-27	ENVO:01000084
1007001378	-27	ENVO:01000085
1007001379	-27	ENVO:01000086
1007001380	-27	ENVO:01000087
1007001381	-27	ENVO:01000088
1007001382	-27	ENVO:01000089
1007001383	-27	ENVO:01000090
1007001384	-27	ENVO:01000091
1007001385	-27	ENVO:01000092
1007001386	-27	ENVO:01000093
1007001387	-27	ENVO:01000094
1007001388	-27	ENVO:01000095
1007001389	-27	ENVO:01000096
1007001390	-27	ENVO:01000097
1007001391	-27	ENVO:01000098
1007001392	-27	ENVO:01000099
1007001393	-27	ENVO:01000100
1007001394	-27	ENVO:01000101
1007001395	-27	ENVO:01000102
1007001396	-27	ENVO:01000103
1007001397	-27	ENVO:01000104
1007001398	-27	ENVO:01000105
1007001399	-27	ENVO:01000106
1007001400	-27	ENVO:01000107
1007001401	-27	ENVO:01000108
1007001402	-27	ENVO:01000109
1007001403	-27	ENVO:01000110
1007001404	-27	ENVO:01000111
1007001405	-27	ENVO:01000112
1007001406	-27	ENVO:01000113
1007001407	-27	ENVO:01000114
1007001408	-27	ENVO:01000115
1007001409	-27	ENVO:01000116
1007001410	-27	ENVO:01000117
1007001411	-27	ENVO:01000118
1007001412	-27	ENVO:01000119
1007001413	-27	ENVO:01000120
1007001414	-27	ENVO:01000121
1007001415	-27	ENVO:01000122
1007001416	-27	ENVO:01000123
1007001417	-27	ENVO:01000124
1007001418	-27	ENVO:01000125
1007001419	-27	ENVO:01000126
1007001420	-27	ENVO:01000127
1007001421	-27	ENVO:01000128
1007001422	-27	ENVO:01000129
1007001423	-27	ENVO:01000130
1007001424	-27	ENVO:01000131
1007001425	-27	ENVO:01000132
1007001426	-27	ENVO:01000133
1007001427	-27	ENVO:01000134
1007001428	-27	ENVO:01000135
1007001429	-27	ENVO:01000136
1007001430	-27	ENVO:01000137
1007001431	-27	ENVO:01000138
1007001432	-27	ENVO:01000139
1007001433	-27	ENVO:01000140
1007001434	-27	ENVO:01000141
1007001435	-27	ENVO:01000142
1007001436	-27	ENVO:01000143
1007001437	-27	ENVO:01000144
1007001438	-27	ENVO:01000145
1007001439	-27	ENVO:01000146
1007001440	-27	ENVO:01000147
1007001441	-27	ENVO:01000148
1007001442	-27	ENVO:01000149
1007001443	-27	ENVO:01000150
1007001444	-27	ENVO:01000151
1007001445	-27	ENVO:01000152
1007001446	-27	ENVO:01000153
1007001447	-27	ENVO:01000154
1007001448	-27	ENVO:01000155
1007001449	-27	ENVO:01000156
1007001450	-27	ENVO:01000157
1007001451	-27	ENVO:01000158
1007001452	-27	ENVO:01000159
1007001453	-27	ENVO:01000160
1007001454	-27	ENVO:01000161
1007001455	-27	ENVO:01000162
1007001456	-27	ENVO:01000163
1007001457	-27	ENVO:01000164
1007001458	-27	ENVO:01000165
1007001459	-27	ENVO:01000166
1007001460	-27	ENVO:01000167
1007001461	-27	ENVO:01000168
1007001462	-27	ENVO:01000169
1007001463	-27	ENVO:01000170
1007001464	-27	ENVO:01000171
1007001465	-27	ENVO:01000172
1007001466	-27	ENVO:01000173
1007001467	-27	ENVO:01000174
1007001468	-27	ENVO:01000175
1007001469	-27	ENVO:01000176
1007001470	-27	ENVO:01000177
1007001471	-27	ENVO:01000178
1007001472	-27	ENVO:01000179
1007001473	-27	ENVO:01000180
1007001474	-27	ENVO:01000181
1007001475	-27	ENVO:01000182
1007001476	-27	ENVO:01000183
1007001477	-27	ENVO:01000184
1007001478	-27	ENVO:01000185
1007001479	-27	ENVO:01000186
1007001480	-27	ENVO:01000187
1007001481	-27	ENVO:01000188
1007001482	-27	ENVO:01000189
1007001483	-27	ENVO:01000190
1007001484	-27	ENVO:01000191
1007001485	-27	ENVO:01000192
1007001486	-27	ENVO:01000193
1007001487	-27	ENVO:01000194
1007001488	-27	ENVO:01000195
1007001489	-27	ENVO:01000196
1007001490	-27	ENVO:01000197
1007001491	-27	ENVO:01000198
1007001492	-27	ENVO:01000199
1007001493	-27	ENVO:01000200
1007001494	-27	ENVO:01000201
1007001495	-27	ENVO:01000202
1007001496	-27	ENVO:01000203
1007001497	-27	ENVO:01000204
1007001498	-27	ENVO:01000205
1007001499	-27	ENVO:01000206
1007001500	-27	ENVO:01000207
1007001501	-27	ENVO:01000208
1007001502	-27	ENVO:01000209
1007001503	-27	ENVO:01000210
1007001504	-27	ENVO:01000211
1007001505	-27	ENVO:01000212
1007001506	-27	ENVO:01000213
1007001507	-27	ENVO:01000214
1007001508	-27	ENVO:01000215
1007001509	-27	ENVO:01000216
1007001510	-27	ENVO:01000217
1007001511	-27	ENVO:01000218
1007001512	-27	ENVO:01000219
1007001513	-27	ENVO:01000220
1007001514	-27	ENVO:01000221
1007001515	-27	ENVO:01000222
1007001516	-27	ENVO:01000223
1007001517	-27	ENVO:01000224
1007001518	-27	ENVO:01000225
1007001519	-27	ENVO:01000226
1007001520	-27	ENVO:01000227
1007001521	-27	ENVO:01000228
1007001522	-27	ENVO:01000229
1007001523	-27	ENVO:01000230
1007001524	-27	ENVO:01000231
1007001525	-27	ENVO:01000232
1007001526	-27	ENVO:01000233
1007001527	-27	ENVO:01000234
1007001528	-27	ENVO:01000235
1007001529	-27	ENVO:01000236
1007001530	-27	ENVO:01000237
1007001531	-27	ENVO:01000238
1007001532	-27	ENVO:01000239
1007001533	-27	ENVO:01000240
1007001534	-27	ENVO:01000241
1007001535	-27	ENVO:01000242
1007001536	-27	ENVO:01000243
1007001537	-27	ENVO:01000244
1007001538	-27	ENVO:01000245
1007001539	-27	ENVO:01000246
1007001540	-27	ENVO:01000247
1007001541	-27	ENVO:01000248
1007001542	-27	ENVO:01000249
1007001543	-27	ENVO:02000000
1007001544	-27	ENVO:02000001
1007001545	-27	ENVO:02000002
1007001546	-27	ENVO:02000003
1007001547	-27	ENVO:02000004
1007001548	-27	ENVO:02000005
1007001549	-27	ENVO:02000006
1007001550	-27	ENVO:02000007
1007001551	-27	ENVO:02000008
1007001552	-27	ENVO:02000009
1007001553	-27	ENVO:02000010
1007001554	-27	ENVO:02000011
1007001555	-27	ENVO:02000012
1007001556	-27	ENVO:02000013
1007001557	-27	ENVO:02000014
1007001558	-27	ENVO:02000015
1007001559	-27	ENVO:02000016
1007001560	-27	ENVO:02000017
1007001561	-27	ENVO:02000018
1007001562	-27	ENVO:02000019
1007001563	-27	ENVO:02000020
1007001564	-27	ENVO:02000021
1007001565	-27	ENVO:02000022
1007001566	-27	ENVO:02000023
1007001567	-27	ENVO:02000024
1007001568	-27	ENVO:02000025
1007001569	-27	ENVO:02000026
1007001570	-27	ENVO:02000027
1007001571	-27	ENVO:02000028
1007001572	-27	ENVO:02000029
1007001573	-27	ENVO:02000030
1007001574	-27	ENVO:02000031
1007001575	-27	ENVO:02000032
1007001576	-27	ENVO:02000033
1007001577	-27	ENVO:02000034
1007001578	-27	ENVO:02000035
1007001579	-27	ENVO:02000036
1007001580	-27	ENVO:02000037
1007001581	-27	ENVO:02000038
1007001582	-27	ENVO:02000039
1007001583	-27	ENVO:02000040
1007001584	-27	ENVO:02000041
1007001585	-27	ENVO:02000042
1007001586	-27	ENVO:02000043
1007001587	-27	ENVO:02000044
1007001588	-27	ENVO:02000045
1007001589	-27	ENVO:02000046
1007001590	-27	ENVO:02000047
1007001591	-27	ENVO:02000048
1007001592	-27	ENVO:02000049
1007001593	-27	ENVO:02000050
1007001594	-27	ENVO:02000051
1007001595	-27	ENVO:02000052
1007001596	-27	ENVO:02000053
1007001597	-27	ENVO:02000054
1007001598	-27	ENVO:02000055
1007001599	-27	ENVO:02000056
1007001600	-27	ENVO:02000057
1007001601	-27	ENVO:02000058
1007001602	-27	ENVO:02000059
1007001603	-27	ENVO:02000060
1007001604	-27	ENVO:02000061
1007001605	-27	ENVO:02000062
1007001606	-27	ENVO:02000063
1007001607	-27	ENVO:02000064
1007001608	-27	ENVO:02000065
1007001609	-27	ENVO:02000066
1007001610	-27	ENVO:02000067
1007001611	-27	ENVO:02000068
1007001612	-27	ENVO:02000069
1007001613	-27	ENVO:02000070
1007001614	-27	ENVO:02000071
1007001615	-27	ENVO:02000072
1007001616	-27	ENVO:02000073
1007001617	-27	ENVO:02000074
1007001618	-27	ENVO:02000075
1007001619	-27	ENVO:02000076
1007001620	-27	ENVO:02000077
1007001621	-27	ENVO:02000078
1007001622	-27	ENVO:02000079
1007001623	-27	ENVO:02000080
1007001624	-27	ENVO:02000081
1007001625	-27	ENVO:02000082
1007001626	-27	ENVO:02000083
1007001627	-27	ENVO:02000084
1007001628	-27	ENVO:02000085
1007001629	-27	ENVO:02000086
1007001630	-27	ENVO:02000087
1007001631	-27	ENVO:02000088
1007001632	-27	ENVO:02000089
1007001633	-27	ENVO:2000000
1007001634	-27	ENVO:2000001
1007001635	-27	ENVO:2000002
1007001636	-27	ENVO:2000003
1007001637	-27	ENVO:2000004
1007001638	-27	ENVO:2000005
1007001639	-27	ENVO:2000006
1007001640	-27	ENVO:root
