<eml:eml xmlns:eml="eml://ecoinformatics.org/eml-2.1.1"
         xmlns:dc="http://purl.org/dc/terms/"
         xmlns:xsi="http://www.w3.org/2001/XMLSchema-instance"
         xsi:schemaLocation="eml://ecoinformatics.org/eml-2.1.1 http://rs.gbif.org/schema/eml-gbif-profile/1.1/eml.xsd"
         packageId="3eaec825-e7a4-49b2-b6e5-f406595f8555/v1.2" system="http://gbif.org" scope="system"
         xml:lang="eng">

<dataset>
  <alternateIdentifier>doi:10.15470/evi148</alternateIdentifier>
  <alternateIdentifier>3eaec825-e7a4-49b2-b6e5-f406595f8555</alternateIdentifier>
  <alternateIdentifier>http://www.gbif.es/ipt/resource?r=esacib</alternateIdentifier>
  <title xml:lang="eng">Atlas of Iberian water beetles (ESACIB database)</title>
      <creator>
    <individualName>
        <givenName>David</givenName>
      <surName>Sánchez-Fernández</surName>
    </individualName>
    <organizationName>Institute of Evolutionary Biology (CSIC-UPF)</organizationName>
    <positionName>Postdoc</positionName>
    <address>
        <country>ES</country>
    </address>
    <electronicMailAddress>davidsan@um.es</electronicMailAddress>
      </creator>
      <metadataProvider>
    <individualName>
        <givenName>David</givenName>
      <surName>Sánchez-Fernández</surName>
    </individualName>
    <organizationName>Institute of Evolutionary Biology (CSIC-UPF)</organizationName>
    <positionName>Postdoc</positionName>
    <electronicMailAddress>davidsan@um.es</electronicMailAddress>
      </metadataProvider>
      <associatedParty>
    <individualName>
        <givenName>Andrés</givenName>
      <surName>Millán</surName>
    </individualName>
    <organizationName>University of Murcia</organizationName>
    <positionName>Permanent lecturer</positionName>
    <address>
        <country>ES</country>
    </address>
    <electronicMailAddress>acmillan@um.es</electronicMailAddress>
    <role>author</role>
      </associatedParty>
      <associatedParty>
    <individualName>
        <givenName>David</givenName>
      <surName>Sánchez-Fernández</surName>
    </individualName>
    <organizationName>Institute of Evolutionary Biology (UPF-CSIC)</organizationName>
    <positionName>Postdoctoral reasearcher</positionName>
    <address>
        <country>ES</country>
    </address>
    <electronicMailAddress>davidsan@um.es</electronicMailAddress>
    <role>author</role>
      </associatedParty>
      <associatedParty>
    <individualName>
        <givenName>Pedro</givenName>
      <surName>Abellán</surName>
    </individualName>
    <organizationName>University of Murcia</organizationName>
    <positionName>Postdoctoral reasearcher</positionName>
    <address>
        <country>ES</country>
    </address>
    <electronicMailAddress>pabellan@um.es</electronicMailAddress>
    <role>author</role>
      </associatedParty>
      <associatedParty>
    <individualName>
        <givenName>Félix</givenName>
      <surName>Picazo</surName>
    </individualName>
    <organizationName>Univeristy of Murcia</organizationName>
    <positionName>PhD student</positionName>
    <electronicMailAddress>fpicazo@um.es</electronicMailAddress>
    <role>author</role>
      </associatedParty>
      <associatedParty>
    <individualName>
        <givenName>José A.</givenName>
      <surName>Carbonell</surName>
    </individualName>
    <positionName>PhD student</positionName>
    <address>
        <country>ES</country>
    </address>
    <electronicMailAddress>jcarbonell@um.es</electronicMailAddress>
    <role>author</role>
      </associatedParty>
      <associatedParty>
    <individualName>
        <givenName>Jorge M.</givenName>
      <surName>Lobo</surName>
    </individualName>
    <organizationName>National Museum of Natural Sciences</organizationName>
    <positionName>CSIC permanent researcher</positionName>
    <electronicMailAddress>mcnj117@mncn.csic.es</electronicMailAddress>
    <role>author</role>
      </associatedParty>
      <associatedParty>
    <individualName>
        <givenName>Ignacio</givenName>
      <surName>Ribera</surName>
    </individualName>
    <positionName>CSIC permanent researcher</positionName>
    <address>
        <country>ES</country>
    </address>
    <electronicMailAddress>ignacio.ribera@ibe.upf-csic.es</electronicMailAddress>
    <role>author</role>
      </associatedParty>
  <pubDate>
      2015-05-07
  </pubDate>
  <language>eng</language>
  <abstract>
    <para>ESACIB (‘EScarabajos ACuáticos IBéricos’) database includes all available distributional data from the literature up to 2013, as well as from museum and private collections, PhD theses, and other unpublished sources. The database contains currently 62,015 records with associated geographic data (10×10 Km UTM squares) for 492 species of water beetles.</para>
  </abstract>
      <keywordSet>
            <keyword>Occurrence</keyword>
            <keyword>Water beetles</keyword>
            <keyword>Spain</keyword>
            <keyword>Portugal</keyword>
            <keyword>Iberian Peninsula</keyword>
            <keyword>Coleoptera</keyword>
        <keywordThesaurus>GBIF Dataset Type Vocabulary: http://rs.gbif.org/vocabulary/gbif/dataset_type.xml</keywordThesaurus>
      </keywordSet>
      <keywordSet>
            <keyword>Observation</keyword>
        <keywordThesaurus>GBIF Dataset Subtype Vocabulary: http://rs.gbif.org/vocabulary/gbif/dataset_subtype.xml</keywordThesaurus>
      </keywordSet>
  <additionalInfo>
    <para>This database almost certainly represents the most complete information available for a major group of freshwater invertebrates in the study area.</para>
  </additionalInfo>
  <intellectualRights>
    <para>To the extent possible under law, the publisher has waived all rights to these data and has dedicated them to the <ulink url="http://creativecommons.org/publicdomain/zero/1.0/legalcode"><citetitle>Public Domain (CC0 1.0)</citetitle></ulink>. Users may copy, modify, distribute and use the work, including for commercial purposes, without restriction.</para>
  </intellectualRights>
  <distribution scope="document">
    <online>
      <url function="information">http://www.magrama.gob.es/es/biodiversidad/publicaciones/pbl_ieet_invert_atlas_coleopteros_acuat.aspx</url>
    </online>
  </distribution>
  <coverage>
      <geographicCoverage>
          <geographicDescription>The study area is the Iberian Peninsula (Spain and Portugal mainland) and Balearic Islands, located in the southwest of Europe.</geographicDescription>
        <boundingCoordinates>
          <westBoundingCoordinate>-10.04</westBoundingCoordinate>
          <eastBoundingCoordinate>4.81</eastBoundingCoordinate>
          <northBoundingCoordinate>43.98</northBoundingCoordinate>
          <southBoundingCoordinate>35.4</southBoundingCoordinate>
        </boundingCoordinates>
      </geographicCoverage>
          <taxonomicCoverage>
              <generalTaxonomicCoverage>We focus here exclusively on the “strictly aquatic beetles”, i.e., those that can appear submerged at least in its adult stage on any type of aquatic ecosystem. More concretely, we focus on 13 families of water beetles belonging to three suborders.</generalTaxonomicCoverage>
              <taxonomicClassification>
                  <taxonRankName>kingdom</taxonRankName>
                <taxonRankValue>Animalia</taxonRankValue>
              </taxonomicClassification>
              <taxonomicClassification>
                  <taxonRankName>phylum</taxonRankName>
                <taxonRankValue>Arthropoda</taxonRankValue>
              </taxonomicClassification>
              <taxonomicClassification>
                  <taxonRankName>class</taxonRankName>
                <taxonRankValue>Insecta</taxonRankValue>
              </taxonomicClassification>
              <taxonomicClassification>
                  <taxonRankName>order</taxonRankName>
                <taxonRankValue>Coleoptera</taxonRankValue>
              </taxonomicClassification>
              <taxonomicClassification>
                  <taxonRankName>suborder</taxonRankName>
                <taxonRankValue>Myxophaga</taxonRankValue>
              </taxonomicClassification>
              <taxonomicClassification>
                  <taxonRankName>family</taxonRankName>
                <taxonRankValue>Hydroscaphidae</taxonRankValue>
              </taxonomicClassification>
              <taxonomicClassification>
                  <taxonRankName>family</taxonRankName>
                <taxonRankValue>Sphaeriusidae</taxonRankValue>
              </taxonomicClassification>
              <taxonomicClassification>
                  <taxonRankName>suborder</taxonRankName>
                <taxonRankValue>Adephaga</taxonRankValue>
              </taxonomicClassification>
              <taxonomicClassification>
                  <taxonRankName>family</taxonRankName>
                <taxonRankValue>Dytiscidae</taxonRankValue>
              </taxonomicClassification>
              <taxonomicClassification>
                  <taxonRankName>family</taxonRankName>
                <taxonRankValue>Gyrinidae</taxonRankValue>
              </taxonomicClassification>
              <taxonomicClassification>
                  <taxonRankName>family</taxonRankName>
                <taxonRankValue>Haliplidae</taxonRankValue>
              </taxonomicClassification>
              <taxonomicClassification>
                  <taxonRankName>family</taxonRankName>
                <taxonRankValue>Hygrobiidae</taxonRankValue>
              </taxonomicClassification>
              <taxonomicClassification>
                  <taxonRankName>family</taxonRankName>
                <taxonRankValue>Noteridae</taxonRankValue>
              </taxonomicClassification>
              <taxonomicClassification>
                  <taxonRankName>suborder</taxonRankName>
                <taxonRankValue>Polyphaga</taxonRankValue>
              </taxonomicClassification>
              <taxonomicClassification>
                  <taxonRankName>family</taxonRankName>
                <taxonRankValue>Dryopidae</taxonRankValue>
              </taxonomicClassification>
              <taxonomicClassification>
                  <taxonRankName>family</taxonRankName>
                <taxonRankValue>Elmidae</taxonRankValue>
              </taxonomicClassification>
              <taxonomicClassification>
                  <taxonRankName>family</taxonRankName>
                <taxonRankValue>Helophoridae</taxonRankValue>
              </taxonomicClassification>
              <taxonomicClassification>
                  <taxonRankName>family</taxonRankName>
                <taxonRankValue>Hydraenidae</taxonRankValue>
              </taxonomicClassification>
              <taxonomicClassification>
                  <taxonRankName>family</taxonRankName>
                <taxonRankValue>Hydrochidae</taxonRankValue>
              </taxonomicClassification>
              <taxonomicClassification>
                  <taxonRankName>family</taxonRankName>
                <taxonRankValue>Hydrophilidae</taxonRankValue>
              </taxonomicClassification>
          </taxonomicCoverage>
  </coverage>
  <purpose>
    <para>To provide all the available distributional information on water beetles from the Iberian Peninsula and Balearic Islands. This information was published in the &quot;Atlas de los coleópteros acuáticos de España peninsular&quot;.</para>
  </purpose>
  <maintenance>
    <description>
      <para></para>
    </description>
    <maintenanceUpdateFrequency>daily</maintenanceUpdateFrequency>
  </maintenance>

      <contact>
    <individualName>
        <givenName>David</givenName>
      <surName>Sánchez-Fernández</surName>
    </individualName>
    <organizationName>Institute of Evolutionary Biology (CSIC-UPF)</organizationName>
    <positionName>Postdoc</positionName>
    <address>
        <city>Barcelona</city>
        <country>ES</country>
    </address>
    <electronicMailAddress>davidsan@um.es</electronicMailAddress>
    <onlineUrl>http://david563.wix.com/davidsan</onlineUrl>
          <userId directory="http://scholar.google.com/citations?user=">https://scholar.google.es/citations?user=jweuTc8AAAAJ&amp;hl=es&amp;oi=ao</userId>
      </contact>
  <methods>
        <methodStep>
          <description>
            <para>1. Primary sources of the data
1a. Sampling
1b. Bibliographic compilation
1c. Public and private collections
2. Georeferenciation at 10x10 km grid cells
3. Introduction in the database
4. Elaboration of distributional maps
5. Checking for doubtful records.
6. Modifications of records (taxonomy or coordinates).
7. Elaboration of new distributional maps.</para>
          </description>
        </methodStep>
      <sampling>
        <studyExtent>
          <description>
            <para>The Iberian Peninsula and Balearic Islands. The frequency of sampling has been irregular, as data were obtained from bibliographic sources, field sampling and the revision of private collections.</para>
          </description>
        </studyExtent>
        <samplingDescription>
          <para>At each sampling site, beetles were collected from a representation of all mesohabitat types with a kick-net of 500 µm mesh, following in most of the cases a multihabitat protocol. Each kick-sample was examined in the field and successive samples were taken until no new morpho-types were found. The kick-sample contents were pooled into a unique site-sample, preserved in 70% or 96% ethanol and identified to species level in the laboratory.</para>
        </samplingDescription>
      </sampling>
      <qualityControl>
        <description>
          <para>We generated distributional maps for each species that were checked for all members of the project and also some external reviewers. Doubtful records were double checked (identifications, geographical coordinates, etc..). In the case of doubtful data from published sources, the original papers were reviewed again, and in some cases (whenever possible) we requested the authors additional information on the doubtful records.</para>
        </description>
      </qualityControl>
  </methods>
  <project >
    <title>Atlas de los coleópteros acuáticos de España Peninsular</title>
      <personnel>
        <individualName>
            <givenName>Andrés</givenName>
          <surName>Millán</surName>
        </individualName>
        <role>principalInvestigator</role>
      </personnel>
      <funding>
        <para>This project was funded by the spanish Ministry of Agriculture, Alimentation and Environment (Magrama). Other data for this resource have been obtained with the support of the projects, especially 023/2007 (Spanish Ministry of Environment), CGL2007-61665.</para>
      </funding>
      <studyAreaDescription>
        <descriptor name="generic"
                    citableClassificationSystem="false">
          <descriptorValue>The Iberian Peninsula and Balearic Islands are two close bio-geographically related areas which extend over 585,644 km2. The territory includes a variety of biomes, relief, climates, and soil types, where altitude ranges from sea level to 3483 m.a.s.l. in the Sierra Nevada (SE Iberia).</descriptorValue>
        </descriptor>
      </studyAreaDescription>
      <designDescription>
        <description>
          <para>The database compiles all available taxonomic and distributional data from the literature as well as museum and private collections, PhD theses, and other unpublished sources.</para>
        </description>
      </designDescription>
  </project>
</dataset>
  <additionalMetadata>
    <metadata>
      <gbif>
          <dateStamp>2015-01-26T12:28:38.657+01:00</dateStamp>
          <hierarchyLevel>dataset</hierarchyLevel>
            <citation identifier="http://doi.org/10.15470/evi148">Millán, A.; Sánchez-Fernández, D.; Abellán, P.; Picazo, F.; Carbonell, J.A.; Lobo, J.M. y Ribera, I. 2014. Atlas de los coleópteros acuáticos de España peninsular. Ministerio de Agricultura, Alimentación y Medio Ambiente. Madrid. 820 pp</citation>
          <resourceLogoUrl>http://www.gbif.es/ipt/logo.do?r=esacib</resourceLogoUrl>
              <livingTimePeriod>1840-2013</livingTimePeriod>
          <dc:replaces>3eaec825-e7a4-49b2-b6e5-f406595f8555/v1.2.xml</dc:replaces>
      </gbif>
    </metadata>
  </additionalMetadata>
</eml:eml>
