<?xml version="1.0"?>
<!DOCTYPE article PUBLIC "-//NLM//DTD Journal Publishing DTD v2.2 20060430//EN" 
  "../../../All-DTDs/Working/journalpublishing.dtd"
[
<!ENTITY mdash "&#x2014;" >
]>
<!-- PUBLIC "-//NLM//DTD Article Authoring DTD v2.2 20060430//EN"
     "articleauthoring.dtd" -->
<?xml-stylesheet type="text/xsl" href="ncbi-authoring-webdocs.xsl"?>
<!--<?oxygen RNGSchema="file:/C:/Program%20Files/Oxygen%20XML%20Editor%207.2/frameworks/NCBIAuthoring/NCBIAuthorRNG/articleauthoring.rng" type="xml"?>-->
<article>
  <front>
    <journal-meta>
      <journal-id>N/A</journal-id>
      <issn>N/A</issn>
    </journal-meta>
    <article-meta>
      <title-group>
        <article-title>Overview documentation for NCBI article-fo.xsl v1.0</article-title>
      </title-group>
      <contrib-group>
        <contrib>
          <name>
            <surname>Hamilton</surname>
            <given-names>Kate</given-names>
          </name>
          <aff>Mulberry Technologies, Inc.</aff>
        </contrib>
      </contrib-group>
      <pub-date>
        <month>June</month>
        <year>2006</year>
      </pub-date>
      <product>NCBI Publishing XSL-FO stylesheets</product>
      <abstract>
        <p>NCBI offers a preliminary stylesheet for formatting documents conforming to the NLM/NCBI
          Journal Publishing ("Blue") DTD. In order to obtain best results, a number of usage
          guidelines should be followed. In addition, notes on the construction and organization of
          the stylesheet modules will be of use to implementers and developers who are maintaining
          or extending the stylesheet.</p>
      </abstract>
    </article-meta>
  </front>
  <body>
    <!--
 Introduction
 List of files and sample documents
 Notes about formatting documents
    How to set up and run
    Article structure and basics of the page design
    Special features to know about
    How cross-referencing and element numbering work
    Document assumptions and constraints
    Diagnostics
 Notes for the developer
    Stylesheet organization and approach to the typography
    Special features to know about
    Known bugs
    Desirable but not done
-->
      <?ncbi-auth toc-deep?>
    <sec>
      <title>Introduction</title>
      <p>The NLM/NCBI <monospace>article-fo.xsl</monospace> stylesheet is intended to provide a way to make readable formatted pages from articles
        tagged using version 1.1 of the Publishing DTD of the NLM Archiving and Interchange Suite.</p>
      <p>The stylesheet creates an XSL-FO document which can be rendered with an XSL-FO engine to
        pages (typically in PDF format). </p>
      <p>The stylesheet was designed and internally documented with the expectation that it would be
        as easy as possible for third-party developers to modify it to meet their formatting needs.
        Indeed, this is expected to be the case, as usage patterns conforming to the Publishing DTD
        may still exhibit a greater range than is reasonable for a single off-the-shelf stylesheet to
        anticipate. Accordingly, for best results users should pay close attention to these
        specifications, and can expect that for proper handling of their own tagging practices in
        detail, modifications and adjustments may be necessary.</p>
    </sec>
    <sec>
      <title>Files and sample documents</title>
      <p>The delivered package includes: <list>
          <list-item>
            <p><monospace>article-fo-overview.html</monospace> &mdash; this file, with</p>
            <p><monospace>article-fo-overview.xml</monospace>, its source (an XML instance
              conforming to the Publishing DTD)</p>
          </list-item>
          <list-item>
            <p><monospace>fo-xsl.zip</monospace> &mdash; <monospace>article-fo.xsl</monospace>
              and its modules</p>
          </list-item>
        </list></p>
    </sec>
    <sec>
      <title>Guidelines for users</title>
      <sec>
        <title>How to set up and run</title>

        <p>Set Up: <list list-type="order">
            <list-item>
              <p>Put this file and its <monospace>xsl:include</monospace> files (listed near the top
                of <monospace>article-fo.xsl</monospace>) in a single directory.</p>
            </list-item>
            <list-item>
              <p>You may want to edit the following variables at the top of the module
                  <monospace>util-variables-and-keys-1-0.xsl</monospace>:<list>
                  <list-item>
                    <p>To set the graphics location:<list>
                        <list-item>
                          <p>
                            <monospace>graphics-location-drive</monospace>
                          </p>
                        </list-item>
                        <list-item>
                          <p>
                            <monospace>graphics-location-path</monospace>
                          </p>
                        </list-item>
                      </list></p>
                  </list-item>
                  <list-item>
                    <p>To turn on or off the production of diagnostics pages after the end of the article:<list>
                        <list-item>
                          <p>
                            <monospace>produce-diagnostics</monospace>
                          </p>
                        </list-item>
                      </list></p>
                  </list-item>
                </list>
              </p>
            </list-item>
            <list-item>
              <p>Validate the XML document, if you have not done so already, to the NCBI Publishing
                DTD version 1.1.</p>
              <p>Documents which are not valid (or for which the DTD cannot be found) may not
                process successfully.</p>
            </list-item>
          </list>Run the transform and formatting: <list list-type="order">
            <list-item>
              <p>Using an XSL-FO engine, apply the stylesheet <monospace>article-fo.xsl</monospace>
                to your XML document.</p>
              <p>(Exact details for this step depend on which XSL-FO engine you are using.)</p>
            </list-item>
          </list>
        </p>
      </sec>
      <sec>
        <title>The design of the article</title>
        <p>These notes can only highlight the main points you may want to know. The xsl files are
          internally documented: read them for further detail.</p>
        <sec>
          <title>Article structure</title>
          <p>The article has five components: <list list-type="order">
              <list-item>
                <p>cover page, displaying selected metadata</p>
              </list-item>
              <list-item>
                <p>article opener, on the first page of the article</p>
              </list-item>
              <list-item>
                <p>article body</p>
              </list-item>
              <list-item>
                <p>article back matter</p>
              </list-item>
              <list-item>
                <p>optionally a page or pages of document diagnostics</p>
              </list-item>
            </list></p>
        </sec>
        <sec>
          <title>Page layout basics</title>
          <p>Block section titles hang to the left of the main text. Tables and references also
            begin at that leftmost margin.</p>
          <p>First- and second-level section titles in the main text are set as blocks. Lower-level
            section titles run in to the first paragraph of the section.</p>
          <p>Several elements will, by default, "float" to the top of the next page (see next
            section).</p>
          <p>Footnotes are set at the bottom of the page. Footnote numbers are generated. Footnotes
            <italic>must have an <monospace>id</monospace> attribute</italic> to appear (a footnote
            without an ID will have a reference number, but no footnote). The
            stylesheet supports two separate styles of tagging footnotes:<list list-type="order">
              <list-item>
                <p>(simple inline footnotes) the <monospace>fn</monospace> element is placed where
                  the superscripted footnote number is to appear; no <monospace>xref</monospace>
                  elements with <monospace>ref-type="bibr"</monospace> occur in the document.</p>
              </list-item>
              <list-item>
                <p>(out-of-line footnotes) an <monospace>xref</monospace> element of
                    <monospace>ref-type="bibr"</monospace> is placed where the superscripted
                  footnote number is to appear, and the document also contains a corresponding
                    <monospace>fn</monospace> element (probably, but not necessarily, in the
                  back matter).</p>
              </list-item>
            </list>To determine which to use if you have no preference, consider whether any
            footnotes will be referenced more than once. If so, keep the footnotes out of line. If
            not, you may use the inline method for convenience. </p>
          <p><italic>Note:</italic> If <italic>both</italic> tagging styles are intermingled in a
            single document, the result will likely not be what's wanted!</p>
          <p>The same assumption about document tagging style is made for affiliations, i.e., the
            document uses <italic>one</italic> of these styles: <list list-type="order">
              <list-item>
                <p>the <monospace>aff</monospace> element is located with the contributor</p>
              </list-item>
              <list-item>
                <p>the contributor has an <monospace>xref</monospace> which points to the
                  corresponding <monospace>aff</monospace></p>
              </list-item>
            </list>
          </p>
          <p>Table footnotes behave differently from "regular" footnotes. Footnotes are set at the
            bottom of a table, as a., b., c., ..., when:<list>
              <list-item>
                <p>if the document contains xrefs with <monospace>ref-type="table-fn"</monospace>: <list>
                    <list-item>
                      <p>the <monospace>xref</monospace> occurs within the
                        <monospace>table-wrap</monospace>, <italic>and</italic></p>
                    </list-item>
                    <list-item>
                      <p>the <monospace>xref</monospace> has
                        <monospace>ref-type="table-fn"</monospace></p>
                    </list-item>
                  </list>
                </p>
              </list-item>
              <list-item>
                <p>if the document tagging style does <italic>not</italic> use xrefs to footnotes: <list>
                    <list-item>
                      <p>the <monospace>fn</monospace> element occurs within the
                          <monospace>table-wrap</monospace>.</p>
                    </list-item>
                  </list>
                </p>
              </list-item>
            </list></p>
        </sec>
      </sec>
      <sec>
        <title>Special features</title>
        <sec>
          <title>The running head</title>
          <p>If the article title is so long that it will exceed one line in the running head,
            provide a truncated title in an <monospace>alt-title</monospace> element that has the
            attribute <monospace>alt-title-type="running-head"</monospace>.</p>
        </sec>
        <sec>
          <title>Citations</title>
          <p>The stylesheet assumes that each <monospace>ref</monospace> element contains only one
            significant component: one <monospace>citation</monospace> or one
              <monospace>nlm-citation</monospace>. These are formatted as follows:<list>
              <list-item>
                <p><monospace>nlm-citation</monospace> can contain only element content: the
                  transform provides all punctuation and formatting. The rules and code for this
                  punctuation and formatting were provided by NLM.</p>
              </list-item>
              <list-item>
                <p><monospace>citation</monospace> can contain mixed content: the transform assumes
                  that all desired punctuation and formatting are in the document, and does not add
                  any.</p>
              </list-item>
            </list></p>
        </sec>
        <sec>
          <title>Math</title>
          <p>The <monospace>mml:math</monospace> element will be rendered if the XSL-FO engine
            supports W3C MathML (e.g., AntennaHouse's XSL Formatter). TeX math is not rendered by
            this stylesheet.</p>
        </sec>
        <sec>
          <title>Elements that may float</title>
          <p>The XSL-FO default behavior for a float is that it <italic>will</italic> float. If you
            want an element such as <monospace>fig</monospace> to be anchored to its position in the
            text, you <italic>must</italic> give the element's <monospace>position</monospace> attribute a value that is
              <italic>not</italic> "<monospace>float</monospace>", e.g., "<monospace>anchor</monospace>"</p>
          <p> The elements that may float are: <monospace>fig</monospace>,
            <monospace>table-wrap</monospace>, <monospace>boxed-text</monospace>,
              <monospace>preformat</monospace>, <monospace>chem-struct-wrapper</monospace>, and
              <monospace>supplementary-material</monospace>.</p>
        </sec>
        <sec>
          <title>Fonts and leading</title>
          <p>Variables controlling values for title font family and size, body font family and size,
            and leading and block spacing are declared in the module
              <monospace>variables-and-keys-1-0.xsl</monospace>, and used throughout the stylesheet.
            To change a value, edit the corresponding variable in that module. This may not be
            perfectly robust: it is recommended that you test any changes you make.</p>
        </sec>
      </sec>
      <sec>
        <title>Cross-references and generated numbering</title>
        <p>Footnote references are set as a superscripted number.</p>
        <p>Cross-references to bibliographic items (an <monospace>xref</monospace> to a
            <monospace>ref</monospace>) are set inline within square brackets.</p>
        <p>Segments of shared code in named templates assemble the navigation data that is displayed
          on objects (e.g., "Table 3") and in cross-references to them (e.g., "see Table 3")
          &mdash; even when the phrase used on a cross-reference necessarily differs from the
          phrase on the object ("the quote on page 7").</p>
        <p>The rules for assembling navigation data are located in the templates for the element
          type. Coordination of the phrases ("Table", "the table") is accomplished by a mapping
          located in the module <monospace>variables-and-keys-1-0.xsl</monospace>. Object numbering
          is performed by element-specific named templates the module
            <monospace>util-calculate-numbers-1-0.xsl</monospace>.</p>
        <p>For tables and figures (the most complicated), the rules for assembling navigation data,
          in outline, are: <list>
            <list-item>
              <p>If the target element is a legitimate target for cross-referencing<fn id="fn1">
                  <p>An element is not a legitimate target for cross-referencing if it is: <list>
                      <list-item>
                        <p>a display element that does not have an <monospace>id</monospace>
                          attribute or that cannot contain a <monospace>label</monospace> or
                            <monospace>title</monospace> or <monospace>caption</monospace> (e.g.,
                            <monospace>array</monospace>, <monospace>graphic</monospace>,
                            <monospace>media</monospace>)</p>
                      </list-item>
                      <list-item>
                        <p>inside another legitimate target for cross-referencing (e.g., a
                            <monospace>fig</monospace> inside a
                        <monospace>table-wrap</monospace>)</p>
                      </list-item>
                      <list-item>
                        <p>not supported by this transform: a
                          <monospace>table-wrap-group</monospace> or a
                          <monospace>figure-group</monospace> (the cross-reference will succeed if
                          it points to the contained elements, i.e., <monospace>table-wrap</monospace> or <monospace>fig</monospace>)</p>
                      </list-item>
                    </list>Note that (from the XML perspective), a cross-reference can only be made
                    to an element that has an <monospace>id</monospace> attribute. </p>
                </fn>,<list>
                  <list-item>
                    <p>If <italic>no</italic> such element<fn id="fn2">
                        <p>Most numbering sequences are uniquely associated with an element type
                          (e.g., <monospace>table-wrap</monospace>). Figures are the exception: you
                          can use the <monospace>fig-type</monospace> attribute to create separate
                          numbering sequences (e.g., for figures and for plates).</p>
                        <p>The stylesheet attempts to identify "hard-coded" cross-reference numbers
                          (a <monospace>sup</monospace> element as the first content of an
                            <monospace>xref</monospace>; a <monospace>bold</monospace> element as
                          the first content of a <monospace>ref</monospace> element) and suppresses
                          them.</p>
                      </fn> in the document has a label, the stylesheet produces an appropriate
                      string (e.g., "Table") and number.</p>
                  </list-item>
                  <list-item>
                    <p>If <italic>any</italic> such element in the document has a label, we assume
                      the tagging is an accurate guide to which elements should display a label. <list>
                        <list-item>
                          <p>If <italic>this</italic> element has a label, <list>
                              <list-item>
                                <p>If the label contains no space, we assume it is the number, and
                                  produce an appropriate string (e.g., "Table") and the label.</p>
                              </list-item>
                              <list-item>
                                <p>If the label contains a space, we assume it is complete in
                                  itself, and produce it as is.</p>
                              </list-item>
                            </list>
                          </p>
                        </list-item>
                        <list-item>
                          <p>If <italic>this</italic> element has <italic>no</italic> label, the
                            cross-reference generates an appropriate string using the information
                            available; for example, "the table entitled Haplotypes on page 7".</p>
                        </list-item>
                      </list>
                    </p>
                  </list-item>
                </list>
              </p>
            </list-item>
            <list-item>
              <p>If the target element is <italic>not</italic> in a legitimate context for
                cross-referencing, the cross-reference generates an appropriate string using the
                information available; for example, "the table on page 7".</p>
            </list-item>
          </list>
        </p>
        <p>The design selects the most informative navigation data available and appropriate. For
          example: <list>
            <list-item>
              <p>Figures are conventionally numbered and often have titles. The navigation data uses
                that information if available, and will resort to "the figure on page..."</p>
            </list-item>
            <list-item>
              <p><monospace>chem-struct-wrapper</monospace> and <monospace>disp-formula</monospace>
                conventionally are numbered (only) when referenced.</p>
            </list-item>
            <list-item>
              <p>A display quote conventionally is not numbered. A cross-reference to a display
                quote uses a string for the object type ("the quote "), the title if any, and the
                page number.</p>
            </list-item>
          </list>
        </p>

        <sec>
          <title>List items</title>
          <p> The "mark" which introduces each list item (e.g., a number, bullet, or word) is
            determined by several factors: <list>
              <list-item>
                <p>The list's <monospace>list-type</monospace> may be <monospace>simple</monospace>,
                    <monospace>bullet</monospace>, <monospace>order</monospace>, <monospace>alpha-lower</monospace>, 
                  <monospace>alpha-upper</monospace>, <monospace>roman-lower</monospace>, or
                  <monospace>roman-upper</monospace>.</p>
                <p> Nested lists whose <monospace>list-type</monospace> is 
                  <monospace>bullet</monospace> cycle through the following hierarchy of
                  marks: <list>
                    <list-item>
                      <p>solid bullet</p>
                    </list-item>
                    <list-item>
                      <p>dash</p>
                    </list-item>
                    <list-item>
                      <p>solid diamond</p>
                    </list-item>
                  </list> Nested lists whose <monospace>list-type</monospace> is 
                  <monospace>order</monospace> cycle through the following
                  hierarchy of marks: <list>
                    <list-item>
                      <p>1.</p>
                    </list-item>
                    <list-item>
                      <p>a.</p>
                    </list-item>
                    <list-item>
                      <p>1)</p>
                    </list-item>
                    <list-item>
                      <p>a)</p>
                    </list-item>
                    <list-item>
                      <p>i.</p>
                    </list-item>
                    <list-item>
                      <p>i)</p>
                    </list-item>
                  </list></p>
              </list-item>
              <list-item>
                <p>A list may have a <monospace>prefix-word</monospace> attribute. The value of the
                  <monospace>prefix-word</monospace> is displayed as part of each list item's mark. The content of the
                  <monospace>list-item</monospace> starts on a new line.</p>
              </list-item>
              <list-item>
                <p>An individual <monospace>list-item</monospace> may have a
                  <monospace>label</monospace> element. This is displayed as part of the "mark".</p>
              </list-item>
            </list>
          </p>
        </sec>
      </sec>
      <sec>
        <title>Document assumptions and constraints</title>
        <p>Some assumptions and constraints had to be made in order to circumvent potentially
          conflicting tagging styles, to avoid spending a lot of effort on handling document
          possibilities that are unlikely to arise, and to contain the scope of the work.</p>
        <p>You can expand the diagnostics (<monospace>util-diagnostics-1-0.xsl</monospace>) to
          report on situations that cause problems with your particular document set. (See
          more below under "Diagnostics".)</p>
        <p>The diagnostics feature is described in the next section.</p>
        <p>The assumptions and constraints made include the rules for numbering elements such as
          tables, figures, and footnotes (outlined above and not repeated here), and also the
          following: <list list-type="bullet">
            <list-item>
              <p>If the article title will not fit in the running head, an
                <monospace>alt-title</monospace> with
                <monospace>alt-title-type="running-head"</monospace> is present</p>
            </list-item>
            <list-item>
              <p>A <monospace>contrib</monospace> element contains only one significant member:
                either a <monospace>name</monospace> or a <monospace>collab</monospace></p>
            </list-item>
            <list-item>
              <p>If a <monospace>contrib</monospace> element has both a <monospace>role</monospace>
                and a <monospace>contrib-type</monospace>, the <monospace>role</monospace> is
              used.</p>
            </list-item>
            <list-item>
              <p>Each <monospace>article-meta/aff</monospace> is tied to a contributor or
                contributors by <monospace>id/rid</monospace> attributes</p>
            </list-item>
            <list-item>
              <p>A <monospace>bold</monospace> element as the first content of an
                <monospace>aff</monospace> element is assumed to be hard-coded numbering, and is
                suppressed.</p>
            </list-item>
            <list-item>
              <p>A <monospace>sup</monospace> element as the first content of an
                <monospace>xref</monospace> element is assumed to be hard-coded numbering, and is
                suppressed.</p>
            </list-item>
            <list-item>
              <p>The following article-management information is set on the first page of the
                article: <list>
                  <list-item>
                    <p>a footnote displaying article copyright</p>
                  </list-item>
                  <list-item>
                    <p>a footnote displaying correspondence data</p>
                  </list-item>
                  <list-item>
                    <p>a footnote displaying contributor affiliations</p>
                  </list-item>
                </list>Some tagging styles record these as "regular" numbered
                <monospace>fn</monospace> in the XML document. To avoid potential overlap in
                numbering schemes, the stylesheet generates numbers for footnotes, not using any
                  <monospace>fn/label</monospace> that may be present in the document. </p>
            </list-item>
            <list-item>
              <p>If a section title will be set as a run-in title, assume the first element
                following the title is a paragraph.</p>
            </list-item>
            <list-item>
              <p>The first element within a footnote (except for the optional label) is a
              paragraph.</p>
            </list-item>
            <list-item>
              <p>Small-caps are set by transforming to all-caps and reducing size by two points.</p>
            </list-item>
            <list-item>
              <p>If the document contains <monospace>mml:math</monospace>, assumes the processing is
                done using an XSL-FO engine that can render <monospace>mml:math</monospace>.</p>
            </list-item>
            <list-item>
              <p>Inline graphics fit within the line-height (they do not push the text lines farther
                apart)</p>
            </list-item>
            <list-item>
              <p>The elements <monospace>glyph-data</monospace> and <monospace>glyph-ref</monospace>
                are not used</p>
            </list-item>
            <list-item>
              <p>Graphics fit within the page width and height. No size calculations are done.</p>
            </list-item>
            <list-item>
              <p>Tables fit within the page width. (A too-wide table will extend off the right-hand
                edge of the page.)</p>
            </list-item>
            <list-item>
              <p>If the document tagging style uses xrefs to footnotes, a footnote which is not
                referenced is not processed.</p>
            </list-item>
            <list-item>
              <p>If the document tagging style uses xrefs to footnotes, there may be several
                references to a single footnote. What gets numbered is the footnote; each xref to it
                uses the same number.</p>
            </list-item>
            <list-item>
              <p>Each <monospace>ref</monospace> element contains only one significant component:
                one <monospace>citation</monospace> or one <monospace>nlm-citation</monospace>.</p>
            </list-item>
            <list-item>
              <p>A document uses one form or the other (<monospace>citation</monospace> or
                  <monospace>nlm-citation</monospace>), not both mixed together.</p>
            </list-item>
            <list-item>
              <p>The <monospace>ref/note</monospace> element is intended for pre-publishing notes
                and is not produced.</p>
            </list-item>
            <list-item>
              <p>In a <monospace>ref/nlm-citation</monospace> element, <italic>no</italic>
                punctuation or formatting is provided in the document.</p>
            </list-item>
            <list-item>
              <p>In a <monospace>ref/citation</monospace>, <italic>all</italic> desired punctuation
                and formatting are provided in the document.</p>
            </list-item>
          </list>
        </p>
        <sec>
          <title>Out of scope for the starter stylesheet</title>
          <p>A few elements and element combinations that are likely to be rare or that will require
            local decision-making are not supported in the starter stylesheet. These include: <list list-type="bullet">
              <list-item>
                <p><monospace>fig-group</monospace>, <monospace>table-wrap-group</monospace></p>
                <p>Figure- and table-wrap-groups may, or may not, require a secondary numbering
                  sequence (e.g., "Figure 1a"), which is not provided in this stylesheet.</p>
                <p>The contained <monospace>fig</monospace> or <monospace>table-wrap</monospace>
                  elements, respectively, are processed; any other components of
                    <monospace>fig-group</monospace> and <monospace>table-wrap-group</monospace> are
                  not processed.</p>
              </list-item>
              <list-item>
                <p><monospace>graphic</monospace> in place of a <monospace>table</monospace> element
                  inside a <monospace>table-wrap</monospace></p>
              </list-item>
              <list-item>
                <p>
                  <monospace>glossary/gloss-group</monospace>
                </p>
                <p>The contained <monospace>def-list</monospace> in a
                  <monospace>gloss-group</monospace> is processed; any other component of a
                    <monospace>gloss-group</monospace> is not processed.</p>
              </list-item>
              <list-item>
                <p>
                  <monospace>back/title</monospace>
                </p>
                <p>The DTD allows a title for the entire <monospace>back</monospace> element, which
                  is ignored by this stylesheet. Each sub-element, such as
                  <monospace>ack</monospace> or <monospace>ref-list</monospace>, has or generates
                  its own title.</p>
              </list-item>
              <list-item>
                <p>
                  <monospace>tex-math</monospace>
                </p>
                <p>A <monospace>tex-math</monospace> element generates a remark that TeX is not
                  rendered by this stylesheet, and produces the TeX code.</p>
              </list-item>
              <list-item>
                <p><monospace>article/response</monospace> and
                  <monospace>article/subarticle</monospace></p>
                <p>This stylesheet does not process <monospace>article/response</monospace> and
                    <monospace>article/subarticle</monospace>.</p>
              </list-item>
              <list-item>
                <p>nested <monospace>ref-list</monospace></p>
                <p>Nested ref-lists are processed; however, their titles (if any) have the same
                  formatting at any level.</p>
              </list-item>
              <list-item>
                <p>a wide term in a deflist item</p>
                <p>The left margin of a definition is located at a fixed position, which may overlap
                  with a very wide term. Contraint-based processing ("make a space just large enough
                  for the term") is not an available option in XSL 1.0. It is left to the stylesheet
                  modifier to incorporate a workaround, adjust the space chosen (if too large or
                  small), or to take a more decisive approach such as putting each term on a line of
                  its own.</p>
              </list-item>
              <list-item>
                <p>
                  <monospace>def-list/label</monospace>
                </p>
                <p>Numbering a definition list was considered a rare requirement. A
                    <monospace>def-list/label</monospace> is ignored.</p>
              </list-item>
              <list-item>
                <p>
                  <monospace>ref/label</monospace>
                </p>
                <p>Reference numbering is generated by the stylesheet. Any existing label is
                  suppressed.</p>
              </list-item>
              <list-item>
                <p>xrefs with <monospace>ref-type</monospace> value of
                  <monospace>affiliation</monospace>, <monospace>contrib</monospace>,
                    <monospace>keyword</monospace>, or <monospace>other</monospace></p>
                <p>The formatting of these uses of <monospace>xref</monospace> is likely to be
                  publisher-dependent. This stylesheet ignores them.</p>
              </list-item>
              <list-item>
                <p><monospace>xref</monospace> whose <monospace>rid</monospace> attribute value is
                  more than one token</p>
                <p>The DTD allows an <monospace>xref</monospace> to target more than one object
                    (<monospace>IDREFS</monospace>). This was considered a rare requirement and is
                  not handled by the starter stylesheet.</p>
              </list-item>
              <list-item>
                <p>The abundance of XHTML table attributes</p>
                <p>Only very basic table processing is provided in this starter stylesheet.
                  Attributes are ignored.</p>
              </list-item>
              <list-item>
                <p>Table rows that are loose in a table element, i.e., not contained in a
                    <monospace>thead</monospace>, <monospace>tfoot</monospace>, or
                  <monospace>tbody</monospace>.</p>
                <p>The XHTML model allows table rows to appear without a
                  <monospace>tbody</monospace>. This stylesheet suppresses any such rows.</p>
              </list-item>
              <list-item>
                <p>elements <monospace>alt-text</monospace>, <monospace>ext-link</monospace>, and
                    <monospace>long-desc</monospace></p>
                <p>The formatting of these elements is likely to be publisher-dependent. This
                  stylesheet ignores them.</p>
              </list-item>
              <list-item>
                <p>the value <monospace>margin</monospace> on the <monospace>position</monospace>
                  attribute of elements that may float (e.g., <monospace>fig</monospace>).</p>
                <p>This stylesheet does not attempt to manage floats to the margin. An element with
                    <monospace>position="margin"</monospace> is handled as an anchored element,
                  i.e., it does not float.</p>
              </list-item>
            </list>
          </p>
        </sec>
      </sec>
      <sec>
        <title>Diagnostics</title>
        <p>A starter set of document diagnostics related to the above assumptions and constraints is
          provided. To produce it, edit the value of the variable named produce-diagnostics at the
          top of the module <monospace>util-variables-and-keys-1-0.xsl</monospace>. </p>
        <p>The diagnostics produce a note and brief explanation for places where the document
          doesn't match the formatting assumptions and constraints.</p>
        <p>For example: <list>
            <list-item>
              <p>[location] cross-reference to an element that is not a supported referencing
                target: <monospace>table-wrap-group @id="...."</monospace></p>
            </list-item>
            <list-item>
              <p>[location] <monospace>texmath</monospace> element which is not supported by the
                current transform</p>
            </list-item>
          </list> This utility can be a tremendous time-saver for tagger and developer alike.</p>
      </sec>
    </sec>
    <sec>
      <title>Notes for developers</title>
      <p>The stylesheet was developed with the use of AntennaHouse's XSL Formatter 2.5.2003.613, and
        assumes its capability to render MathML. </p>
      <p>The stylesheet does not use any features specific to the AntennaHouse XSL Formatter.
        However, it has been our observation that XSL-FO engines do vary somewhat in their rendering
        decisions: if you plan to use a different formatting engine (or in any case), testing is
        recommended.</p>
      <p>Brief setup instructions are given at the top of this file in the section "How to set up
        and run".</p>
      <sec>
        <title>Stylesheet organization</title>
        <p> The main module is <monospace>article-fo.xsl</monospace>: it consists largely of
          includes for the modules that do the work.</p>
        <p>Comments at the top of each module list the main contents of the module. </p>
        <p>The typesetting is conceived primarily in terms of a few basic typographic object types,
          each of which has a characteristic set of generic behaviors whose specifics are set by the
          designer: <list list-type="order">
            <list-item>
              <p>paragraph-like (<monospace>p</monospace> the most important)</p>
            </list-item>
            <list-item>
              <p>title (<monospace>title</monospace>, <monospace>speaker</monospace>,
                  <monospace>label</monospace>, <monospace>caption</monospace>)</p>
            </list-item>
            <list-item>
              <p>inline (e.g., <monospace>bold</monospace>, <monospace>private-char</monospace>,
                  <monospace>sup</monospace>)</p>
            </list-item>
            <list-item>
              <p>section grouping (e.g., <monospace>section</monospace>, <monospace>app</monospace>,
                etc.)</p>
            </list-item>
            <list-item>
              <p>content grouping (e.g., <monospace>list</monospace>,
                <monospace>boxed-text</monospace>, <monospace>fig-group</monospace>,
                <monospace>fig</monospace>)</p>
            </list-item>
            <list-item>
              <p>display object (e.g., <monospace>graphic</monospace>, <monospace>media</monospace>,
                  <monospace>table</monospace>, <monospace>array</monospace>)</p>
            </list-item>
            <list-item>
              <p>referencing (<monospace>xref</monospace> the most important)</p>
            </list-item>
          </list>
        </p>
        <p>For convenience these categories have been further subdivided to produce the modules
          which are xsl:included at the top of article-fo.xsl: <list>
            <list-item>
              <p>
                <monospace>util-variables-and-keys-{version}.xsl</monospace>
              </p>
            </list-item>

            <list-item>
              <p>
                <monospace>setup-page-layout-{version}.xsl</monospace>
              </p>
            </list-item>
            <list-item>
              <p>
                <monospace>set-cover-page-{version}.xsl</monospace>
              </p>
            </list-item>
            <list-item>
              <p>
                <monospace>set-opener-body-back-{version}.xsl</monospace>
              </p>
            </list-item>

            <list-item>
              <p>
                <monospace>basics-paragraphs-{version}.xsl</monospace>
              </p>
            </list-item>
            <list-item>
              <p>
                <monospace>basics-inlines-{version}.xsl</monospace>
              </p>
            </list-item>
            <list-item>
              <p>
                <monospace>basics-sections-{version}.xsl</monospace>
              </p>
            </list-item>
            <list-item>
              <p>
                <monospace>basics-display-objects-{version}.xsl</monospace>
              </p>
            </list-item>
            <list-item>
              <p>
                <monospace>basics-referencing-elements-{version}.xsl</monospace>
              </p>
            </list-item>
            <list-item>
              <p>
                <monospace>basics-backmatter-{version}.xsl</monospace>
              </p>
            </list-item>

            <list-item>
              <p>
                <monospace>groups-lists-{version}.xsl</monospace>
              </p>
            </list-item>
            <list-item>
              <p>
                <monospace>groups-by-content-type-{version}.xsl</monospace>
              </p>
            </list-item>
            <list-item>
              <p>
                <monospace>groups-footnotes-{version}.xsl</monospace>
              </p>
            </list-item>
            <list-item>
              <p>
                <monospace>groups-ref-list-{version}.xsl</monospace>
              </p>
            </list-item>

            <list-item>
              <p>
                <monospace>groups-figures-{version}.xsl</monospace>
              </p>
            </list-item>
            <list-item>
              <p>
                <monospace>groups-table-wraps-{version}.xsl</monospace>
              </p>
            </list-item>
            <list-item>
              <p>
                <monospace>groups-that-float-{version}.xsl</monospace>
              </p>
            </list-item>

            <list-item>
              <p>
                <monospace>util-calculate-numbers-{version}.xsl</monospace>
              </p>
            </list-item>
            <list-item>
              <p>
                <monospace>util-named-title-styles-{version}.xsl</monospace>
              </p>
            </list-item>
            <list-item>
              <p>
                <monospace>util-diagnostics-{version}.xsl</monospace>
              </p>
            </list-item>
          </list>
        </p>
      </sec>
      <sec>
        <title>Approach to the page design</title>
        <p>A page presents a main text box, and (within it) a second significant left margin: <list>
            <list-item>
              <p>The text box is the whole area into which text may flow.</p>
              <p>Section titles are set flush left in this area, i.e., hanging to the left of body
                paragraphs.</p>
              <p>The text box has:<list>
                  <list-item>
                    <p>1" margins top and bottom</p>
                  </list-item>
                  <list-item>
                    <p>1.25" margins left and right</p>
                  </list-item>
                </list> Accordingly, <monospace>textboxLMarg</monospace> = 1.25" absolute
              position</p>
            </list-item>
            <list-item>
              <p>The "content area" is where the body paragraphs are set (within the text box)</p>
              <p>Its left margin is indented a further 1".</p>
              <p>Thus, <monospace>contentLMarg</monospace> = 2.25" absolute position</p>
            </list-item>
          </list> These two <monospace>LMarg</monospace> are <italic>absolute positions</italic> set
          using the start-indent attribute: <list>
            <list-item>
              <p>The <monospace>contentLMarg</monospace> has
                <monospace>start-indent="1in"</monospace> from the
                <monospace>textboxLMarg</monospace>;</p>
            </list-item>
            <list-item>
              <p>Section titles have <monospace>start-indent="0"</monospace> in from the
                  <monospace>textboxLMarg</monospace></p>
              <p>(Also expressed as main indent -1", meaning the same: 1" to the left of the
                  <monospace>contentLMarg</monospace>)</p>
            </list-item>
          </list> In contrast, wrapper elements (<monospace>boxed-text</monospace>,
          <monospace>list</monospace>, and so on) have <italic>relative indents</italic>. For
          example, each nested list begins 0.25" further to the right.</p>
        <p>These indents are expressed using <monospace>margin-left</monospace> and
            <monospace>margin-right</monospace>, which accumulate.</p>
      </sec>
      <sec>
        <title>Approach to the typography</title>
        <p>Typographic behaviors are associated with the element they "belong to". For example: <list>
            <list-item>
              <p>A list indents left and right by 0.25". That is expressed on the
                <monospace>list</monospace> template.</p>
            </list-item>
            <list-item>
              <p>Between list items there is 6pt space, which is expressed on the
                  <monospace>list-item</monospace> template.</p>
            </list-item>
            <list-item>
              <p>Between paragraphs within a <monospace>list-item</monospace> there is 4pt space.
                That is expressed on a <monospace>paragraph</monospace> template.</p>
            </list-item>
          </list> This is a little different from the approach necessary with desktop publishing,
          which requires different style names for different contexts: <monospace>para1</monospace>,
            <monospace>para</monospace>, <monospace>fn-para</monospace>,
          <monospace>abstract-para</monospace>, and so on, with a full typography explicit for each
          one. </p>
        <p> Attributes on <monospace>fo:block</monospace> are used for block behavior, such as as
            <monospace>space-before</monospace>, <monospace>space-after</monospace>, and
            <monospace>line-height</monospace>. </p>
        <p>Two fo:blocks establish the default block behavior: <list list-type="order">
            <list-item>
              <p><monospace>fo:block</monospace> in the page sequence named "seq-content" (in
                  <monospace>article-fo.xsl</monospace>), which establishes globally-desired values
                such as <monospace>space-before</monospace> and <monospace>space-after</monospace>
                and <monospace>line-stacking-strategy</monospace>
              </p>
            </list-item>
            <list-item>
              <p><monospace>fo:block</monospace> in the named template
                <monospace>set-article-body</monospace> (in
                <monospace>set-opener-body-back.xsl</monospace>), which establishes a left margin
                for body content.</p>
            </list-item>
          </list> Contained blocks specify values only when changing from the established default. </p>
        <p>Attributes on <monospace>fo:wrapper</monospace> are used to set text display values such
          as font family and font size. </p>
        <p>The <monospace>fo:wrapper</monospace> in the named template
          <monospace>set-article-body</monospace> (in
          <monospace>set-opener-body-back.xsl</monospace>) establishes the default typography. </p>
        <p>Contained wrappers specify values only when changing from the established default. </p>
        <p>The <monospace>fo:inline</monospace> element, which also supports text font attributes,
          is used only when its particular characteristics are needed, i.e., when a change in
          baseline is required inline. The elements that use it are <monospace>sup</monospace>
          (superscript) and sub (subscript). </p>
        <p>The default text setting in this design is <bold>10/12 Palatino Roman</bold>.</p>
        <p>The default title setting in this design is <bold>10/12 Arial Bold</bold>.</p>
      </sec>
      <sec>
        <title>Management of space-above and space-below</title>
        <p>The logic used conforms to one way typesetters and designers speak of space-breaks in
          ordinary English. For example, "A new section causes a space-break"; "I want 6 pts below
          each section title, throughout." Thus: <list>
            <list-item>
              <p>Sections specify <monospace>space-above</monospace>.</p>
            </list-item>
            <list-item>
              <p>Titles specify <monospace>space-below</monospace>.</p>
            </list-item>
            <list-item>
              <p>Paragraphs specify <monospace>space-below</monospace></p>
            </list-item>
            <list-item>
              <p>Wrapper elements (lists, boxed-text, etc.) specify
                <monospace>space-above</monospace> and <monospace>space-below</monospace>.</p>
            </list-item>
            <list-item>
              <p>Apparatus (<monospace>copyright-statement</monospace>,
                <monospace>attrib</monospace>) specifies <monospace>space-above</monospace>.</p>
            </list-item>
          </list>
        </p>
        <p> The values depend on context. For example, the leading between paragraphs is 10pt in
          body and body sections, but 6pt within a wrapper such as a list or boxed-text. </p>
        <p> The values are expressed as variables in order to reveal the regularities of the design
          and to facilitate global changes. </p>
        <p> These variables are set in the module <monospace>util-variables-and-keys.xsl</monospace>. </p>
        <p> Resolving the space around wrapper elements such as lists and boxed-text also depends on
          context. For example, the spacing after a wrapper element is normally 6pt, but if it is
          the last thing in its section this gets overridden by the next section's space-above. </p>
        <p>This decision-making is implemented using <monospace>space-before.precedence</monospace>
          and <monospace>space-after.precedence</monospace>, as follows: <list list-type="bullet">
            <list-item>
              <p><monospace>space-before</monospace> and <monospace>space-after</monospace> are
                always singular values (no minimum/optimum/maximum components that would allow the
                formatter to impose its own calculations for what's wanted)</p>
            </list-item>
            <list-item>
              <p>Section-type elements have <monospace>space-before</monospace> and
                  <monospace>space-after</monospace> with precedence = 2</p>
            </list-item>
            <list-item>
              <p>Grouping elements have <monospace>space-before</monospace> and
                  <monospace>space-after</monospace> with precedence = 1</p>
              <p>(spacing on an adjacent section takes precedence)</p>
            </list-item>
            <list-item>
              <p>Paragraphs have space-after with precedence unstated = 0 (default)</p>
              <p>(Spacing an adjacent section or grouping element takes precedence)</p>
            </list-item>
            <list-item>
              <p>Heading material (e.g., a block title) has <monospace>space-after</monospace> with
                precedence = <monospace>force</monospace></p>
            </list-item>
            <list-item>
              <p>Trailing material (e.g., attrib) has <monospace>space-before</monospace> with
                precedence = <monospace>force</monospace></p>
            </list-item>
          </list> This pattern is used throughout; see, for example, the three short templates for
          the grouping element <monospace>disp-quote</monospace>, its title, and its attribution (in
          <monospace>groups-by-content-type-1-0.xsl</monospace>). </p>
      </sec>
      <sec>
        <title>A note about cross-referencing</title>
        <p>The xrefs are handled by elimination logic, i.e.: deal with abnormalities first, and
          what's left is "normal". </p>
        <p>The normal cases do show a lot of variation themselves.... </p>
        <p>IDs for the following cross-referenceable elements are handed on to the XSL-FO document.
          These IDs are used when constructing phrases such as "the ... on page ...". <list>
            <list-item>
              <p>
                <monospace>boxed-text</monospace>
              </p>
            </list-item>
            <list-item>
              <p>
                <monospace>list</monospace>
              </p>
            </list-item>
            <list-item>
              <p>
                <monospace>disp-quote</monospace>
              </p>
            </list-item>
            <list-item>
              <p>
                <monospace>supplementary-material</monospace>
              </p>
            </list-item>
            <list-item>
              <p>
                <monospace>statement</monospace>
              </p>
            </list-item>
            <list-item>
              <p>
                <monospace>speech</monospace>
              </p>
            </list-item>
            <list-item>
              <p>
                <monospace>appendix</monospace>
              </p>
            </list-item>
            <list-item>
              <p>
                <monospace>fig</monospace>
              </p>
            </list-item>
            <list-item>
              <p>
                <monospace>table-wrap</monospace>
              </p>
            </list-item>
            <list-item>
              <p>
                <monospace>disp-formula</monospace>
              </p>
            </list-item>
            <list-item>
              <p>
                <monospace>chem-struct</monospace>
              </p>
            </list-item>
            <list-item>
              <p>
                <monospace>verse-group</monospace>
              </p>
            </list-item>
          </list>
        </p>
      </sec>
      <sec>
        <title>A note about the <monospace>list</monospace> and <monospace>list-item</monospace>
          templates</title>
        <p>These may be the longest templates in the stylesheet. It was recurringly tempting to
          break them up into smaller pieces.</p>
        <p>They stayed as they are because so very much of the logic for determining the list-item
          "mark" (the bullet, number, or other character that introduces the list-item content) is
          the same for every variation. </p>
      </sec>
      <sec>
        <title>Special features</title>
        <sec>
          <title>How to set up a new figure type</title>
          <p>The forms of "navigation data" (e.g., "Table 3" or "the table on page 7") are unique to
            an element type with one exception: the figure.</p>
          <p>The <monospace>fig</monospace> element may have a <monospace>fig-type</monospace>
            attribute that can be used to group <monospace>fig</monospace> elements into separate
            numbering sequences, for example, Maps, Plates, and Figures. </p>
          <p>This stylesheet handles two cases: <list list-type="bullet">
              <list-item>
                <p><monospace>fig-type</monospace> is absent (the "generic" figure)</p>
              </list-item>
              <list-item>
                <p><monospace>fig-type</monospace> value is "plate"</p>
              </list-item>
            </list>
          </p>
          <p>To support a new <monospace>fig-type</monospace>, make two changes: <list
              list-type="order">
              <list-item>
                <p>In the <monospace>fig-type-strings</monospace> map (at the bottom of the module
                    <monospace>util-variables-and-keys-1-0.xsl</monospace>), add an entry for the
                    <monospace>fig-type</monospace> value you want to support.</p>
                <p>Example:
                  <preformat position="anchor">&lt;item source-fig-type="plate"
  display-string="Plate "
  default-string="the plate "/></preformat></p>
              </list-item>
              <list-item>
                <p>In the named template <monospace>calculate-fig-number</monospace> (in <monospace>util-calculate-numbers-1-0.xsl</monospace>),
                  add a corresponding entry.</p>
                <p>Example:
                  <preformat position="anchor">&lt;xsl:when test="$object-fig-type='plate'">
  &lt;xsl:number count="key('legit-figs-by-fig-type', 'plate')" 
    from="/" 
    level="any" 
    format="1" /></preformat></p>
              </list-item>
            </list>
          </p>
        </sec>
        <sec>
          <title>Navigation data on object / displayed by xref</title>
          <p>As you perhaps surmised from the name of the module
              <monospace>util-calculate-numbers-1-0.xsl</monospace>, the navigation data (e.g.,
            "Table 7") for objects such as figures and tables is performed in a set of named
            templates which are called by <italic>both</italic> the object and any
            <monospace>xref</monospace>. </p>
          <p>For tables (and figures), three main steps are required: <list>
              <list-item>
                <p>
                  <monospace>decide-make-table-wrap-labels</monospace>
                </p>
                <p>Should we, for this document, make navigation data, or do the document elements
                  which should be numbered already have labels?</p>
              </list-item>
              <list-item>
                <p>
                  <monospace>determine-table-wrap-label</monospace>
                </p>
                <p>If we <italic>are</italic> picking up any information from the document what is
                  the fully-assembled navigation data (e.g., "the table on page 7" or "Table 3")</p>
                <p>This template should be renamed: it is <italic>not</italic> only concerned with
                  the label element. A much more accurate name would be
                  "assemble-table-wrap-navdata". Sorry!</p>
              </list-item>
              <list-item>
                <p>
                  <monospace>calculate-table-wrap-number</monospace>
                </p>
                <p>Looking only at those table-wreps which should be numbered, what number does this
                    <monospace>table-wrap</monospace> get?</p>
                <p>This template is called only when no <monospace>table-wrap</monospace> that
                  should be numbered has a <monospace>label</monospace> element.</p>
              </list-item>
            </list>
          </p>
          <p>The logic and pattern are similar for figures, except that one more step is required to
            accommodate the figure's <monospace>fig-type</monospace> value (so that Plates, Figures,
            Maps, etc. can be given separate numbering sequences). </p>
          <p>Determining the navigation data for other elements is simpler. The strings to use for
            each element type (e.g., "Boxed Text", "the boxed text ") are recorded in the map
            "label-strings" (in util-variables-and-keys-1-0.xsl) and used by the
            <monospace>xref</monospace> element (which may add "entitled ..." or "on page...") and
            by the element template. </p>
        </sec>
      </sec>
      <sec>
        <title>Known bugs</title>
        <list>
          <list-item>
            <p>If there is a blank recto between article pages and diagnostics pages, has an article
              page header which is not wanted</p>
          </list-item>
          <list-item>
            <p>Some object numbering uses a key by <monospace>id</monospace>. But this is not
              reliable: an object may have no <monospace>id</monospace> if it is not referenced, and
              still be intended to be numbered. Change the logic to use a generated identifier
              throughout.</p>
            <p>(A work-around would be to pre-process the document generating ids for objects that
              are to be numbered.)</p>
          </list-item>
          <list-item>
            <p>Processing for <monospace>nlm-citation</monospace>, picked up (with slight editing)
              from NCBI, does not have an explicit rule for
              <monospace>citation-type="journal"</monospace>. In the sample articles, many of the
              citations are journal articles. The output can be improved by adding an explicit rule
              for <monospace>citation-type="journal"</monospace> in the
              <monospace>nlm-citation</monospace> processing.</p>
          </list-item>
        </list>

      </sec>
      <sec>
        <title>Desirable but not done</title>
        <list>
          <list-item>
            <p>Allow relative path for graphics location in
                <monospace>basics-util-variables-and-keys.xsl</monospace></p>
          </list-item>
          <list-item>
            <p>In lists, the calculation of <monospace>mark-width</monospace> needs improvement:
              this is used for <monospace>end-indent</monospace> and should be calculated as
                <italic>reduction</italic> of text width/absolute position.</p>
          </list-item>
          <list-item>
            <p>Modify the transform to use attribute-sets (only where this would clarify rather than
              obscure!)</p>
          </list-item>
          <list-item>
            <p>The mode <monospace>pass-through</monospace> is not used consistently. It is intended
              to differ from the mode <monospace>display</monospace> as follows: <list>
                <list-item>
                  <p><monospace>pass-through</monospace> mode is used when the intention is merely
                    to pass element content to the block or wrapper being output</p>
                </list-item>
                <list-item>
                  <p><monospace>display</monospace> mode is used when a change to formatting,
                    behavior, or logic is also needed. (Usually this is when the transform has
                    arrived at a decision to display, rather than suppress, the element in
                    question.)</p>
                </list-item>
              </list>At present there are places where for clarity's sake
              <monospace>display</monospace> mode should be changed to
              <monospace>pass-through</monospace> mode.</p>
          </list-item>
          <list-item>
            <p>Move the <monospace>id</monospace> attribute from the wrapping blocks to their first
              child, (e.g., from <monospace>boxed-text</monospace> to its first child), so that page
              references will certainly be to the first <italic>displayed</italic> content.</p>
          </list-item>
          <list-item>
            <p>Consolidate the logic for fig-types so that only one change (not two) is needed to
              add support for a new <monospace>fig-type</monospace>.</p>
          </list-item>
          <list-item>
            <p><monospace>contrib/bio</monospace>. A <monospace>bio</monospace> element in back
              matter is processed; however, a contrib may also contain a <monospace>bio</monospace>
              element. The desired behavior is: <list>
                <list-item>
                  <p>if there is no <monospace>back/bio</monospace> element, a
                    <monospace>bio</monospace> section is produced for each
                    <monospace>contrib</monospace>, using data from the
                    <monospace>contrib</monospace> elements.</p>
                </list-item>
                <list-item>
                  <p>if there is a <monospace>back/bio</monospace> element, and if it has an
                      <monospace>rid</monospace> attribute linking it to a particular
                      <monospace>contrib</monospace>, selected data from the
                    <monospace>contrib</monospace> is included in the
                  <monospace>bio</monospace>.</p>
                </list-item>
              </list></p>
          </list-item>

          <list-item>
            <p>Handle a <monospace>table-wrap</monospace> in which the table itself has been
              replaced by a graphic. Note this involves the numbering of footnotes in tables.</p>
          </list-item>
        </list>
      </sec>
    </sec>

  </body>
</article>
