<archive xmlns="http://rs.tdwg.org/dwc/text/" metadata="eml.xml">
  <core encoding="UTF-8" fieldsTerminatedBy="\t" linesTerminatedBy="\n" fieldsEnclosedBy="" ignoreHeaderLines="1" rowType="http://rs.tdwg.org/dwc/terms/Occurrence">
    <files>
      <location>occurrence.txt</location>
    </files>
    <id index="0" />
    <field index="1" term="http://rs.tdwg.org/dwc/terms/institutionCode"/>
    <field index="2" term="http://rs.tdwg.org/dwc/terms/collectionCode"/>
    <field index="3" term="http://rs.tdwg.org/dwc/terms/basisOfRecord"/>
    <field index="4" term="http://rs.tdwg.org/dwc/terms/occurrenceID"/>
    <field index="5" term="http://rs.tdwg.org/dwc/terms/catalogNumber"/>
    <field index="6" term="http://rs.tdwg.org/dwc/terms/occurrenceRemarks"/>
    <field index="7" term="http://rs.tdwg.org/dwc/terms/recordNumber"/>
    <field index="8" term="http://rs.tdwg.org/dwc/terms/recordedBy"/>
    <field index="9" term="http://rs.tdwg.org/dwc/terms/individualID"/>
    <field index="10" term="http://rs.tdwg.org/dwc/terms/individualCount"/>
    <field index="11" term="http://rs.tdwg.org/dwc/terms/sex"/>
    <field index="12" term="http://rs.tdwg.org/dwc/terms/lifeStage"/>
    <field index="13" term="http://rs.tdwg.org/dwc/terms/reproductiveCondition"/>
    <field index="14" term="http://rs.tdwg.org/dwc/terms/behavior"/>
    <field index="15" term="http://rs.tdwg.org/dwc/terms/establishmentMeans"/>
    <field index="16" term="http://rs.tdwg.org/dwc/terms/occurrenceStatus"/>
    <field index="17" term="http://rs.tdwg.org/dwc/terms/preparations"/>
    <field index="18" term="http://rs.tdwg.org/dwc/terms/disposition"/>
    <field index="19" term="http://rs.tdwg.org/dwc/terms/otherCatalogNumbers"/>
    <field index="20" term="http://rs.tdwg.org/dwc/terms/previousIdentifications"/>
    <field index="21" term="http://rs.tdwg.org/dwc/terms/associatedMedia"/>
    <field index="22" term="http://rs.tdwg.org/dwc/terms/associatedReferences"/>
    <field index="23" term="http://rs.tdwg.org/dwc/terms/associatedOccurrences"/>
    <field index="24" term="http://rs.tdwg.org/dwc/terms/associatedSequences"/>
    <field index="25" term="http://rs.tdwg.org/dwc/terms/associatedTaxa"/>
    <field index="26" term="http://rs.tdwg.org/dwc/terms/eventID"/>
    <field index="27" term="http://rs.tdwg.org/dwc/terms/samplingProtocol"/>
    <field index="28" term="http://rs.tdwg.org/dwc/terms/samplingEffort"/>
    <field index="29" term="http://rs.tdwg.org/dwc/terms/eventDate"/>
    <field index="30" term="http://rs.tdwg.org/dwc/terms/eventTime"/>
    <field index="31" term="http://rs.tdwg.org/dwc/terms/startDayOfYear"/>
    <field index="32" term="http://rs.tdwg.org/dwc/terms/endDayOfYear"/>
    <field index="33" term="http://rs.tdwg.org/dwc/terms/year"/>
    <field index="34" term="http://rs.tdwg.org/dwc/terms/month"/>
    <field index="35" term="http://rs.tdwg.org/dwc/terms/day"/>
    <field index="36" term="http://rs.tdwg.org/dwc/terms/verbatimEventDate"/>
    <field index="37" term="http://rs.tdwg.org/dwc/terms/habitat"/>
    <field index="38" term="http://rs.tdwg.org/dwc/terms/fieldNumber"/>
    <field index="39" term="http://rs.tdwg.org/dwc/terms/fieldNotes"/>
    <field index="40" term="http://rs.tdwg.org/dwc/terms/eventRemarks"/>
    <field index="41" term="http://rs.tdwg.org/dwc/terms/locationID"/>
    <field index="42" term="http://rs.tdwg.org/dwc/terms/higherGeographyID"/>
    <field index="43" term="http://rs.tdwg.org/dwc/terms/higherGeography"/>
    <field index="44" term="http://rs.tdwg.org/dwc/terms/continent"/>
    <field index="45" term="http://rs.tdwg.org/dwc/terms/waterBody"/>
    <field index="46" term="http://rs.tdwg.org/dwc/terms/islandGroup"/>
    <field index="47" term="http://rs.tdwg.org/dwc/terms/island"/>
    <field index="48" term="http://rs.tdwg.org/dwc/terms/country"/>
    <field index="49" term="http://rs.tdwg.org/dwc/terms/countryCode"/>
    <field index="50" term="http://rs.tdwg.org/dwc/terms/stateProvince"/>
    <field index="51" term="http://rs.tdwg.org/dwc/terms/county"/>
    <field index="52" term="http://rs.tdwg.org/dwc/terms/municipality"/>
    <field index="53" term="http://rs.tdwg.org/dwc/terms/locality"/>
    <field index="54" term="http://rs.tdwg.org/dwc/terms/verbatimLocality"/>
    <field index="55" term="http://rs.tdwg.org/dwc/terms/verbatimElevation"/>
    <field index="56" term="http://rs.tdwg.org/dwc/terms/minimumElevationInMeters"/>
    <field index="57" term="http://rs.tdwg.org/dwc/terms/maximumElevationInMeters"/>
    <field index="58" term="http://rs.tdwg.org/dwc/terms/verbatimDepth"/>
    <field index="59" term="http://rs.tdwg.org/dwc/terms/minimumDepthInMeters"/>
    <field index="60" term="http://rs.tdwg.org/dwc/terms/maximumDepthInMeters"/>
    <field index="61" term="http://rs.tdwg.org/dwc/terms/minimumDistanceAboveSurfaceInMeters"/>
    <field index="62" term="http://rs.tdwg.org/dwc/terms/maximumDistanceAboveSurfaceInMeters"/>
    <field index="63" term="http://rs.tdwg.org/dwc/terms/locationAccordingTo"/>
    <field index="64" term="http://rs.tdwg.org/dwc/terms/locationRemarks"/>
    <field index="65" term="http://rs.tdwg.org/dwc/terms/verbatimCoordinates"/>
    <field index="66" term="http://rs.tdwg.org/dwc/terms/verbatimLatitude"/>
    <field index="67" term="http://rs.tdwg.org/dwc/terms/verbatimLongitude"/>
    <field index="68" term="http://rs.tdwg.org/dwc/terms/verbatimCoordinateSystem"/>
    <field index="69" term="http://rs.tdwg.org/dwc/terms/verbatimSRS"/>
    <field index="70" term="http://rs.tdwg.org/dwc/terms/decimalLatitude"/>
    <field index="71" term="http://rs.tdwg.org/dwc/terms/decimalLongitude"/>
    <field index="72" term="http://rs.tdwg.org/dwc/terms/geodeticDatum"/>
    <field index="73" term="http://rs.tdwg.org/dwc/terms/coordinateUncertaintyInMeters"/>
    <field index="74" term="http://rs.tdwg.org/dwc/terms/coordinatePrecision"/>
    <field index="75" term="http://rs.tdwg.org/dwc/terms/pointRadiusSpatialFit"/>
    <field index="76" term="http://rs.tdwg.org/dwc/terms/footprintWKT"/>
    <field index="77" term="http://rs.tdwg.org/dwc/terms/footprintSRS"/>
    <field index="78" term="http://rs.tdwg.org/dwc/terms/footprintSpatialFit"/>
    <field index="79" term="http://rs.tdwg.org/dwc/terms/georeferencedBy"/>
    <field index="80" term="http://rs.tdwg.org/dwc/terms/georeferenceProtocol"/>
    <field index="81" term="http://rs.tdwg.org/dwc/terms/georeferenceSources"/>
    <field index="82" term="http://rs.tdwg.org/dwc/terms/georeferenceRemarks"/>
    <field index="83" term="http://rs.tdwg.org/dwc/terms/identifiedBy"/>
    <field index="84" term="http://rs.tdwg.org/dwc/terms/typeStatus"/>
    <field index="85" term="http://rs.tdwg.org/dwc/terms/scientificName"/>
    <field index="86" term="http://rs.tdwg.org/dwc/terms/scientificNameAuthorship"/>
  </core>
  <extension encoding="UTF-8" fieldsTerminatedBy="\t" linesTerminatedBy="\n" fieldsEnclosedBy="" ignoreHeaderLines="1" rowType="http://rs.gbif.org/terms/1.0/Multimedia">
    <files>
      <location>multimedia.txt</location>
    </files>
    <coreid index="0" />
    <field term="http://rs.tdwg.org/dwc/terms/occurrenceID"/>
    <field index="1" term="http://purl.org/dc/terms/type"/>
    <field index="2" term="http://purl.org/dc/terms/format"/>
    <field index="3" term="http://purl.org/dc/terms/identifier"/>
    <field index="4" term="http://purl.org/dc/terms/creator"/>
    <field index="5" term="http://purl.org/dc/terms/license"/>
  </extension>
  <extension encoding="UTF-8" fieldsTerminatedBy="\t" linesTerminatedBy="\n" fieldsEnclosedBy="" ignoreHeaderLines="1" rowType="http://rs.tdwg.org/dwc/terms/Identification">
    <files>
      <location>identification.txt</location>
    </files>
    <coreid index="0" />
    <field term="http://rs.tdwg.org/dwc/terms/occurrenceID"/>
    <field index="1" term="http://rs.tdwg.org/dwc/terms/identificationID"/>
    <field index="2" term="http://rs.tdwg.org/dwc/terms/identifiedBy"/>
    <field index="3" term="http://rs.tdwg.org/dwc/terms/dateIdentified"/>
    <field index="4" term="http://rs.tdwg.org/dwc/terms/identificationReferences"/>
    <field index="5" term="http://rs.tdwg.org/dwc/terms/identificationRemarks"/>
    <field index="6" term="http://rs.tdwg.org/dwc/terms/identificationQualifier"/>
    <field index="7" term="http://rs.tdwg.org/dwc/terms/identificationVerificationStatus"/>
    <field index="8" term="http://rs.tdwg.org/dwc/terms/typeStatus"/>
    <field index="9" term="http://rs.tdwg.org/dwc/terms/taxonID"/>
    <field index="10" term="http://rs.tdwg.org/dwc/terms/scientificName"/>
    <field index="11" term="http://rs.tdwg.org/dwc/terms/namePublishedIn"/>
    <field index="12" term="http://rs.tdwg.org/dwc/terms/namePublishedInYear"/>
    <field index="13" term="http://rs.tdwg.org/dwc/terms/nameAccordingTo"/>
    <field index="14" term="http://rs.tdwg.org/dwc/terms/acceptedNameUsage"/>
    <field index="15" term="http://rs.tdwg.org/dwc/terms/parentNameUsage"/>
    <field index="16" term="http://rs.tdwg.org/dwc/terms/originalNameUsage"/>
    <field index="17" term="http://rs.tdwg.org/dwc/terms/higherClassification"/>
    <field index="18" term="http://rs.tdwg.org/dwc/terms/kingdom"/>
    <field index="19" term="http://rs.tdwg.org/dwc/terms/phylum"/>
    <field index="20" term="http://rs.tdwg.org/dwc/terms/class"/>
    <field index="21" term="http://rs.tdwg.org/dwc/terms/order"/>
    <field index="22" term="http://rs.tdwg.org/dwc/terms/family"/>
    <field index="23" term="http://rs.tdwg.org/dwc/terms/genus"/>
    <field index="24" term="http://rs.tdwg.org/dwc/terms/subgenus"/>
    <field index="25" term="http://rs.tdwg.org/dwc/terms/specificEpithet"/>
    <field index="26" term="http://rs.tdwg.org/dwc/terms/infraspecificEpithet"/>
    <field index="27" term="http://rs.tdwg.org/dwc/terms/taxonRank"/>
    <field index="28" term="http://rs.tdwg.org/dwc/terms/verbatimTaxonRank"/>
    <field index="29" term="http://rs.tdwg.org/dwc/terms/scientificNameAuthorship"/>
    <field index="30" term="http://rs.tdwg.org/dwc/terms/vernacularName"/>
    <field index="31" term="http://rs.tdwg.org/dwc/terms/nomenclaturalCode"/>
    <field index="32" term="http://rs.tdwg.org/dwc/terms/taxonomicStatus"/>
    <field index="33" term="http://rs.tdwg.org/dwc/terms/nomenclaturalStatus"/>
    <field index="34" term="http://rs.tdwg.org/dwc/terms/taxonRemarks"/>
  </extension>
  <extension encoding="UTF-8" fieldsTerminatedBy="\t" linesTerminatedBy="\n" fieldsEnclosedBy="" ignoreHeaderLines="1" rowType="http://rs.gbif.org/terms/1.0/Reference">
    <files>
      <location>reference.txt</location>
    </files>
    <coreid index="0" />
    <field index="1" term="http://purl.org/dc/terms/identifier"/>
    <field index="2" term="http://purl.org/dc/terms/bibliographicCitation"/>
    <field index="3" term="http://purl.org/dc/terms/title"/>
    <field index="4" term="http://purl.org/dc/terms/creator"/>
    <field index="5" term="http://purl.org/dc/terms/date"/>
    <field index="6" term="http://purl.org/dc/terms/source"/>
    <field index="7" term="http://purl.org/dc/terms/description"/>
    <field index="8" term="http://purl.org/dc/terms/subject"/>
    <field index="9" term="http://rs.tdwg.org/dwc/terms/taxonRemarks"/>
    <field index="10" term="http://purl.org/dc/terms/type"/>
  </extension>
</archive>
